id,firstname,lastname,email,email2,profession
100,Lynde,Orelee,Lynde.Orelee@yopmail.com,Lynde.Orelee@gmail.com,firefighter
101,Vere,Charity,Vere.Charity@yopmail.com,Vere.Charity@gmail.com,police officer
102,Verla,Demitria,Verla.Demitria@yopmail.com,Verla.Demitria@gmail.com,worker
103,Ebonee,Etom,Ebonee.Etom@yopmail.com,Ebonee.Etom@gmail.com,developer
104,Orsola,Fadiman,Orsola.Fadiman@yopmail.com,Orsola.Fadiman@gmail.com,doctor
105,Ofilia,Eliathas,Ofilia.Eliathas@yopmail.com,Ofilia.Eliathas@gmail.com,police officer
106,Willetta,Ajay,Willetta.Ajay@yopmail.com,Willetta.Ajay@gmail.com,developer
107,Ekaterina,An,Ekaterina.An@yopmail.com,Ekaterina.An@gmail.com,developer
108,Gusella,Emanuel,Gusella.Emanuel@yopmail.com,Gusella.Emanuel@gmail.com,police officer
109,Robbi,Jaylene,Robbi.Jaylene@yopmail.com,Robbi.Jaylene@gmail.com,worker
110,Melina,Gusella,Melina.Gusella@yopmail.com,Melina.Gusella@gmail.com,developer
111,Leanna,Garbe,Leanna.Garbe@yopmail.com,Leanna.Garbe@gmail.com,worker
112,Grier,Fabiola,Grier.Fabiola@yopmail.com,Grier.Fabiola@gmail.com,firefighter
113,Linzy,An,Linzy.An@yopmail.com,Linzy.An@gmail.com,worker
114,Fina,Sidonius,Fina.Sidonius@yopmail.com,Fina.Sidonius@gmail.com,doctor
115,Brianna,Drisko,Brianna.Drisko@yopmail.com,Brianna.Drisko@gmail.com,worker
116,Morganica,Kendrick,Morganica.Kendrick@yopmail.com,Morganica.Kendrick@gmail.com,developer
117,Chloris,Pulsifer,Chloris.Pulsifer@yopmail.com,Chloris.Pulsifer@gmail.com,doctor
118,Aeriela,Erlandson,Aeriela.Erlandson@yopmail.com,Aeriela.Erlandson@gmail.com,worker
119,Dennie,Trace,Dennie.Trace@yopmail.com,Dennie.Trace@gmail.com,developer
120,Ida,Kare,Ida.Kare@yopmail.com,Ida.Kare@gmail.com,firefighter
121,Chickie,Marijo,Chickie.Marijo@yopmail.com,Chickie.Marijo@gmail.com,firefighter
122,Edith,Nore,Edith.Nore@yopmail.com,Edith.Nore@gmail.com,firefighter
123,Cristine,Dudley,Cristine.Dudley@yopmail.com,Cristine.Dudley@gmail.com,developer
124,Jenilee,Emmy,Jenilee.Emmy@yopmail.com,Jenilee.Emmy@gmail.com,firefighter
125,Ezmeralda,Goerke,Ezmeralda.Goerke@yopmail.com,Ezmeralda.Goerke@gmail.com,worker
126,Paulita,Johanna,Paulita.Johanna@yopmail.com,Paulita.Johanna@gmail.com,doctor
127,Alyda,Hull,Alyda.Hull@yopmail.com,Alyda.Hull@gmail.com,worker
128,Lynea,Konyn,Lynea.Konyn@yopmail.com,Lynea.Konyn@gmail.com,developer
129,Heddie,McClimans,Heddie.McClimans@yopmail.com,Heddie.McClimans@gmail.com,doctor
130,Almeta,Faso,Almeta.Faso@yopmail.com,Almeta.Faso@gmail.com,police officer
131,Bertine,Bryna,Bertine.Bryna@yopmail.com,Bertine.Bryna@gmail.com,worker
132,Eadie,McClimans,Eadie.McClimans@yopmail.com,Eadie.McClimans@gmail.com,firefighter
133,Emelina,Allare,Emelina.Allare@yopmail.com,Emelina.Allare@gmail.com,doctor
134,Melina,Billye,Melina.Billye@yopmail.com,Melina.Billye@gmail.com,police officer
135,Paule,Dearborn,Paule.Dearborn@yopmail.com,Paule.Dearborn@gmail.com,worker
136,Raina,Joli,Raina.Joli@yopmail.com,Raina.Joli@gmail.com,police officer
137,Claudina,Poll,Claudina.Poll@yopmail.com,Claudina.Poll@gmail.com,firefighter
138,Ottilie,Hamil,Ottilie.Hamil@yopmail.com,Ottilie.Hamil@gmail.com,firefighter
139,Asia,Flyn,Asia.Flyn@yopmail.com,Asia.Flyn@gmail.com,firefighter
140,Sheelagh,Kannry,Sheelagh.Kannry@yopmail.com,Sheelagh.Kannry@gmail.com,police officer
141,Bertine,Bennie,Bertine.Bennie@yopmail.com,Bertine.Bennie@gmail.com,worker
142,Daune,Kauppi,Daune.Kauppi@yopmail.com,Daune.Kauppi@gmail.com,firefighter
143,Talya,Georgy,Talya.Georgy@yopmail.com,Talya.Georgy@gmail.com,worker
144,Marleah,Lareena,Marleah.Lareena@yopmail.com,Marleah.Lareena@gmail.com,police officer
145,Vanessa,Jenness,Vanessa.Jenness@yopmail.com,Vanessa.Jenness@gmail.com,police officer
146,Lynnea,Lea,Lynnea.Lea@yopmail.com,Lynnea.Lea@gmail.com,firefighter
147,Angela,Hessler,Angela.Hessler@yopmail.com,Angela.Hessler@gmail.com,worker
148,Penelopa,Francene,Penelopa.Francene@yopmail.com,Penelopa.Francene@gmail.com,police officer
149,Lusa,Nahum,Lusa.Nahum@yopmail.com,Lusa.Nahum@gmail.com,doctor
150,Helena,Bakerman,Helena.Bakerman@yopmail.com,Helena.Bakerman@gmail.com,police officer
151,Yvonne,Roxanna,Yvonne.Roxanna@yopmail.com,Yvonne.Roxanna@gmail.com,developer
152,Deloria,Gower,Deloria.Gower@yopmail.com,Deloria.Gower@gmail.com,doctor
153,Beverley,Ingra,Beverley.Ingra@yopmail.com,Beverley.Ingra@gmail.com,developer
154,Lonnie,Maroney,Lonnie.Maroney@yopmail.com,Lonnie.Maroney@gmail.com,worker
155,Catrina,Raseda,Catrina.Raseda@yopmail.com,Catrina.Raseda@gmail.com,police officer
156,Petronia,Montgomery,Petronia.Montgomery@yopmail.com,Petronia.Montgomery@gmail.com,doctor
157,Janeczka,Sperling,Janeczka.Sperling@yopmail.com,Janeczka.Sperling@gmail.com,doctor
158,Max,Thema,Max.Thema@yopmail.com,Max.Thema@gmail.com,doctor
159,Molli,Chabot,Molli.Chabot@yopmail.com,Molli.Chabot@gmail.com,police officer
160,Lilith,Ilka,Lilith.Ilka@yopmail.com,Lilith.Ilka@gmail.com,worker
161,Kelly,Bates,Kelly.Bates@yopmail.com,Kelly.Bates@gmail.com,worker
162,Ofilia,Sherfield,Ofilia.Sherfield@yopmail.com,Ofilia.Sherfield@gmail.com,police officer
163,Marylou,Thomasina,Marylou.Thomasina@yopmail.com,Marylou.Thomasina@gmail.com,developer
164,Coral,Yerkovich,Coral.Yerkovich@yopmail.com,Coral.Yerkovich@gmail.com,worker
165,Tersina,Radu,Tersina.Radu@yopmail.com,Tersina.Radu@gmail.com,police officer
166,Almeta,Salvidor,Almeta.Salvidor@yopmail.com,Almeta.Salvidor@gmail.com,developer
167,Rani,Weinreb,Rani.Weinreb@yopmail.com,Rani.Weinreb@gmail.com,doctor
168,Deloria,Joni,Deloria.Joni@yopmail.com,Deloria.Joni@gmail.com,worker
169,Vanessa,Adalbert,Vanessa.Adalbert@yopmail.com,Vanessa.Adalbert@gmail.com,developer
170,Quintina,Wilkinson,Quintina.Wilkinson@yopmail.com,Quintina.Wilkinson@gmail.com,firefighter
171,Jessy,Lasley,Jessy.Lasley@yopmail.com,Jessy.Lasley@gmail.com,firefighter
172,Calla,Tiffa,Calla.Tiffa@yopmail.com,Calla.Tiffa@gmail.com,firefighter
173,Caryl,Milson,Caryl.Milson@yopmail.com,Caryl.Milson@gmail.com,doctor
174,Fawne,Bandeen,Fawne.Bandeen@yopmail.com,Fawne.Bandeen@gmail.com,worker
175,Gilligan,Mott,Gilligan.Mott@yopmail.com,Gilligan.Mott@gmail.com,worker
176,Belinda,Abbot,Belinda.Abbot@yopmail.com,Belinda.Abbot@gmail.com,firefighter
177,Gabi,Latini,Gabi.Latini@yopmail.com,Gabi.Latini@gmail.com,doctor
178,Alisha,Masao,Alisha.Masao@yopmail.com,Alisha.Masao@gmail.com,developer
179,Tera,Clarissa,Tera.Clarissa@yopmail.com,Tera.Clarissa@gmail.com,developer
180,Gianina,Cutlerr,Gianina.Cutlerr@yopmail.com,Gianina.Cutlerr@gmail.com,police officer
181,Carlie,Callista,Carlie.Callista@yopmail.com,Carlie.Callista@gmail.com,doctor
182,Lily,Suzetta,Lily.Suzetta@yopmail.com,Lily.Suzetta@gmail.com,doctor
183,Dorthy,Toni,Dorthy.Toni@yopmail.com,Dorthy.Toni@gmail.com,police officer
184,Fawne,Urania,Fawne.Urania@yopmail.com,Fawne.Urania@gmail.com,doctor
185,Merci,Turne,Merci.Turne@yopmail.com,Merci.Turne@gmail.com,worker
186,Glenda,Oscar,Glenda.Oscar@yopmail.com,Glenda.Oscar@gmail.com,worker
187,Daphne,Allare,Daphne.Allare@yopmail.com,Daphne.Allare@gmail.com,doctor
188,Kary,Yam,Kary.Yam@yopmail.com,Kary.Yam@gmail.com,doctor
189,Melodie,Stover,Melodie.Stover@yopmail.com,Melodie.Stover@gmail.com,worker
190,Oralee,Susannah,Oralee.Susannah@yopmail.com,Oralee.Susannah@gmail.com,doctor
191,Alia,Ackerley,Alia.Ackerley@yopmail.com,Alia.Ackerley@gmail.com,doctor
192,Elvira,Sherfield,Elvira.Sherfield@yopmail.com,Elvira.Sherfield@gmail.com,worker
193,Babita,Klotz,Babita.Klotz@yopmail.com,Babita.Klotz@gmail.com,worker
194,Grier,Septima,Grier.Septima@yopmail.com,Grier.Septima@gmail.com,developer
195,Edyth,Liva,Edyth.Liva@yopmail.com,Edyth.Liva@gmail.com,doctor
196,Carly,My,Carly.My@yopmail.com,Carly.My@gmail.com,developer
197,Jordan,Paine,Jordan.Paine@yopmail.com,Jordan.Paine@gmail.com,developer
198,Linet,Jethro,Linet.Jethro@yopmail.com,Linet.Jethro@gmail.com,police officer
199,Cherrita,Llovera,Cherrita.Llovera@yopmail.com,Cherrita.Llovera@gmail.com,developer
200,Kassey,Raffo,Kassey.Raffo@yopmail.com,Kassey.Raffo@gmail.com,firefighter
201,Corry,Fancie,Corry.Fancie@yopmail.com,Corry.Fancie@gmail.com,firefighter
202,Bernardine,Ciapas,Bernardine.Ciapas@yopmail.com,Bernardine.Ciapas@gmail.com,worker
203,Ninnetta,Jacobah,Ninnetta.Jacobah@yopmail.com,Ninnetta.Jacobah@gmail.com,firefighter
204,Cherilyn,Haerr,Cherilyn.Haerr@yopmail.com,Cherilyn.Haerr@gmail.com,police officer
205,Larine,Justinn,Larine.Justinn@yopmail.com,Larine.Justinn@gmail.com,worker
206,Quintina,Kaete,Quintina.Kaete@yopmail.com,Quintina.Kaete@gmail.com,police officer
207,Sonni,Kravits,Sonni.Kravits@yopmail.com,Sonni.Kravits@gmail.com,police officer
208,Ileana,Iaverne,Ileana.Iaverne@yopmail.com,Ileana.Iaverne@gmail.com,police officer
209,Nollie,Kelula,Nollie.Kelula@yopmail.com,Nollie.Kelula@gmail.com,developer
210,Giustina,Johanna,Giustina.Johanna@yopmail.com,Giustina.Johanna@gmail.com,doctor
211,Elka,Valerio,Elka.Valerio@yopmail.com,Elka.Valerio@gmail.com,doctor
212,Paulita,Gilbertson,Paulita.Gilbertson@yopmail.com,Paulita.Gilbertson@gmail.com,developer
213,Susette,Carleen,Susette.Carleen@yopmail.com,Susette.Carleen@gmail.com,worker
214,Blondelle,Amand,Blondelle.Amand@yopmail.com,Blondelle.Amand@gmail.com,doctor
215,Eolanda,Stacy,Eolanda.Stacy@yopmail.com,Eolanda.Stacy@gmail.com,police officer
216,Danika,Frendel,Danika.Frendel@yopmail.com,Danika.Frendel@gmail.com,worker
217,Lauryn,Viddah,Lauryn.Viddah@yopmail.com,Lauryn.Viddah@gmail.com,doctor
218,Demetris,Merna,Demetris.Merna@yopmail.com,Demetris.Merna@gmail.com,worker
219,Giustina,Merell,Giustina.Merell@yopmail.com,Giustina.Merell@gmail.com,doctor
220,Sibella,Vernier,Sibella.Vernier@yopmail.com,Sibella.Vernier@gmail.com,firefighter
221,Farrah,Helfand,Farrah.Helfand@yopmail.com,Farrah.Helfand@gmail.com,firefighter
222,Rosanne,Lareena,Rosanne.Lareena@yopmail.com,Rosanne.Lareena@gmail.com,firefighter
223,Winny,Telfer,Winny.Telfer@yopmail.com,Winny.Telfer@gmail.com,police officer
224,Caritta,Rona,Caritta.Rona@yopmail.com,Caritta.Rona@gmail.com,developer
225,Charmaine,Kaete,Charmaine.Kaete@yopmail.com,Charmaine.Kaete@gmail.com,doctor
226,Ira,Eachern,Ira.Eachern@yopmail.com,Ira.Eachern@gmail.com,firefighter
227,Hollie,Jacinda,Hollie.Jacinda@yopmail.com,Hollie.Jacinda@gmail.com,firefighter
228,Mady,Woodberry,Mady.Woodberry@yopmail.com,Mady.Woodberry@gmail.com,firefighter
229,Ivett,Anton,Ivett.Anton@yopmail.com,Ivett.Anton@gmail.com,developer
230,Wilma,Klotz,Wilma.Klotz@yopmail.com,Wilma.Klotz@gmail.com,firefighter
231,Zsa Zsa,Mallon,Zsa Zsa.Mallon@yopmail.com,Zsa Zsa.Mallon@gmail.com,firefighter
232,Benita,Redmond,Benita.Redmond@yopmail.com,Benita.Redmond@gmail.com,police officer
233,Florie,Faria,Florie.Faria@yopmail.com,Florie.Faria@gmail.com,doctor
234,Doralynne,Jobi,Doralynne.Jobi@yopmail.com,Doralynne.Jobi@gmail.com,police officer
235,Kimberley,Federica,Kimberley.Federica@yopmail.com,Kimberley.Federica@gmail.com,doctor
236,Melina,Sheng,Melina.Sheng@yopmail.com,Melina.Sheng@gmail.com,doctor
237,Iseabal,Sheedy,Iseabal.Sheedy@yopmail.com,Iseabal.Sheedy@gmail.com,developer
238,Daune,Bahr,Daune.Bahr@yopmail.com,Daune.Bahr@gmail.com,doctor
239,Elie,Catie,Elie.Catie@yopmail.com,Elie.Catie@gmail.com,worker
240,Berget,Ralfston,Berget.Ralfston@yopmail.com,Berget.Ralfston@gmail.com,developer
241,Lilith,Land,Lilith.Land@yopmail.com,Lilith.Land@gmail.com,doctor
242,Ardeen,Macey,Ardeen.Macey@yopmail.com,Ardeen.Macey@gmail.com,worker
243,Teddie,Isacco,Teddie.Isacco@yopmail.com,Teddie.Isacco@gmail.com,police officer
244,Theodora,Lia,Theodora.Lia@yopmail.com,Theodora.Lia@gmail.com,police officer
245,Binny,Natalia,Binny.Natalia@yopmail.com,Binny.Natalia@gmail.com,worker
246,Starla,Plato,Starla.Plato@yopmail.com,Starla.Plato@gmail.com,developer
247,Max,Federica,Max.Federica@yopmail.com,Max.Federica@gmail.com,police officer
248,Corry,Heisel,Corry.Heisel@yopmail.com,Corry.Heisel@gmail.com,doctor
249,June,Zitvaa,June.Zitvaa@yopmail.com,June.Zitvaa@gmail.com,developer
250,Robbi,Dorcy,Robbi.Dorcy@yopmail.com,Robbi.Dorcy@gmail.com,developer
251,Loree,Raul,Loree.Raul@yopmail.com,Loree.Raul@gmail.com,doctor
252,Debee,Naashom,Debee.Naashom@yopmail.com,Debee.Naashom@gmail.com,firefighter
253,Olwen,Selway,Olwen.Selway@yopmail.com,Olwen.Selway@gmail.com,developer
254,Felice,Bury,Felice.Bury@yopmail.com,Felice.Bury@gmail.com,developer
255,Michaelina,Jaylene,Michaelina.Jaylene@yopmail.com,Michaelina.Jaylene@gmail.com,developer
256,Lacie,Albertine,Lacie.Albertine@yopmail.com,Lacie.Albertine@gmail.com,police officer
257,Selia,Emmaline,Selia.Emmaline@yopmail.com,Selia.Emmaline@gmail.com,firefighter
258,Merle,Bach,Merle.Bach@yopmail.com,Merle.Bach@gmail.com,developer
259,Lonnie,Danby,Lonnie.Danby@yopmail.com,Lonnie.Danby@gmail.com,developer
260,Marnia,Toor,Marnia.Toor@yopmail.com,Marnia.Toor@gmail.com,police officer
261,Elbertina,Clarissa,Elbertina.Clarissa@yopmail.com,Elbertina.Clarissa@gmail.com,developer
262,Corina,Faust,Corina.Faust@yopmail.com,Corina.Faust@gmail.com,worker
263,Ardeen,Lucienne,Ardeen.Lucienne@yopmail.com,Ardeen.Lucienne@gmail.com,developer
264,Lonnie,Iaverne,Lonnie.Iaverne@yopmail.com,Lonnie.Iaverne@gmail.com,doctor
265,Wendi,Stuart,Wendi.Stuart@yopmail.com,Wendi.Stuart@gmail.com,developer
266,Therine,Hachmin,Therine.Hachmin@yopmail.com,Therine.Hachmin@gmail.com,doctor
267,Corene,Mathilde,Corene.Mathilde@yopmail.com,Corene.Mathilde@gmail.com,firefighter
268,Camile,Soneson,Camile.Soneson@yopmail.com,Camile.Soneson@gmail.com,police officer
269,Viviene,Mott,Viviene.Mott@yopmail.com,Viviene.Mott@gmail.com,doctor
270,Nataline,Alfons,Nataline.Alfons@yopmail.com,Nataline.Alfons@gmail.com,developer
271,Blake,Toni,Blake.Toni@yopmail.com,Blake.Toni@gmail.com,firefighter
272,Lizzie,Riva,Lizzie.Riva@yopmail.com,Lizzie.Riva@gmail.com,worker
273,Edith,Roumell,Edith.Roumell@yopmail.com,Edith.Roumell@gmail.com,police officer
274,Siana,Rhu,Siana.Rhu@yopmail.com,Siana.Rhu@gmail.com,developer
275,Tersina,Terencio,Tersina.Terencio@yopmail.com,Tersina.Terencio@gmail.com,doctor
276,Lauryn,Tayib,Lauryn.Tayib@yopmail.com,Lauryn.Tayib@gmail.com,worker
277,Nariko,Weinreb,Nariko.Weinreb@yopmail.com,Nariko.Weinreb@gmail.com,worker
278,Brandise,Ingra,Brandise.Ingra@yopmail.com,Brandise.Ingra@gmail.com,worker
279,Jaclyn,Faso,Jaclyn.Faso@yopmail.com,Jaclyn.Faso@gmail.com,worker
280,Sandie,Janene,Sandie.Janene@yopmail.com,Sandie.Janene@gmail.com,developer
281,Margarette,Bakerman,Margarette.Bakerman@yopmail.com,Margarette.Bakerman@gmail.com,firefighter
282,Jany,Matthew,Jany.Matthew@yopmail.com,Jany.Matthew@gmail.com,developer
283,Taffy,Willie,Taffy.Willie@yopmail.com,Taffy.Willie@gmail.com,police officer
284,Korrie,Leffen,Korrie.Leffen@yopmail.com,Korrie.Leffen@gmail.com,developer
285,Jeanna,Arathorn,Jeanna.Arathorn@yopmail.com,Jeanna.Arathorn@gmail.com,doctor
286,Gretal,Sammons,Gretal.Sammons@yopmail.com,Gretal.Sammons@gmail.com,developer
287,Roseline,Estella,Roseline.Estella@yopmail.com,Roseline.Estella@gmail.com,police officer
288,Jennica,Turne,Jennica.Turne@yopmail.com,Jennica.Turne@gmail.com,developer
289,Cassondra,Lucienne,Cassondra.Lucienne@yopmail.com,Cassondra.Lucienne@gmail.com,police officer
290,Carmela,Leonard,Carmela.Leonard@yopmail.com,Carmela.Leonard@gmail.com,doctor
291,Fayre,Fairweather,Fayre.Fairweather@yopmail.com,Fayre.Fairweather@gmail.com,worker
292,Sara-Ann,Francene,Sara-Ann.Francene@yopmail.com,Sara-Ann.Francene@gmail.com,firefighter
293,Teriann,Jena,Teriann.Jena@yopmail.com,Teriann.Jena@gmail.com,police officer
294,Vinita,Ries,Vinita.Ries@yopmail.com,Vinita.Ries@gmail.com,developer
295,Edee,Merna,Edee.Merna@yopmail.com,Edee.Merna@gmail.com,developer
296,Margalo,Armanda,Margalo.Armanda@yopmail.com,Margalo.Armanda@gmail.com,doctor
297,Britte,Socha,Britte.Socha@yopmail.com,Britte.Socha@gmail.com,worker
298,Dede,Ephrem,Dede.Ephrem@yopmail.com,Dede.Ephrem@gmail.com,worker
299,Fernande,Bryna,Fernande.Bryna@yopmail.com,Fernande.Bryna@gmail.com,firefighter
300,Fayre,Posner,Fayre.Posner@yopmail.com,Fayre.Posner@gmail.com,firefighter
301,Hope,Cyrie,Hope.Cyrie@yopmail.com,Hope.Cyrie@gmail.com,doctor
302,Sashenka,Millda,Sashenka.Millda@yopmail.com,Sashenka.Millda@gmail.com,worker
303,Annice,Lytton,Annice.Lytton@yopmail.com,Annice.Lytton@gmail.com,firefighter
304,Deirdre,Jerold,Deirdre.Jerold@yopmail.com,Deirdre.Jerold@gmail.com,doctor
305,Andeee,Moseley,Andeee.Moseley@yopmail.com,Andeee.Moseley@gmail.com,developer
306,Gerianna,Briney,Gerianna.Briney@yopmail.com,Gerianna.Briney@gmail.com,worker
307,Rosabelle,Yorick,Rosabelle.Yorick@yopmail.com,Rosabelle.Yorick@gmail.com,worker
308,Jenilee,Larochelle,Jenilee.Larochelle@yopmail.com,Jenilee.Larochelle@gmail.com,police officer
309,Phylis,Gerge,Phylis.Gerge@yopmail.com,Phylis.Gerge@gmail.com,worker
310,Selia,Pitt,Selia.Pitt@yopmail.com,Selia.Pitt@gmail.com,developer
311,Leia,Sherfield,Leia.Sherfield@yopmail.com,Leia.Sherfield@gmail.com,firefighter
312,Agathe,Magdalen,Agathe.Magdalen@yopmail.com,Agathe.Magdalen@gmail.com,firefighter
313,Modestia,Rese,Modestia.Rese@yopmail.com,Modestia.Rese@gmail.com,doctor
314,Antonietta,Miru,Antonietta.Miru@yopmail.com,Antonietta.Miru@gmail.com,firefighter
315,Kylynn,Newell,Kylynn.Newell@yopmail.com,Kylynn.Newell@gmail.com,firefighter
316,Quintina,Love,Quintina.Love@yopmail.com,Quintina.Love@gmail.com,developer
317,Betta,Bebe,Betta.Bebe@yopmail.com,Betta.Bebe@gmail.com,doctor
318,Lauryn,Carmena,Lauryn.Carmena@yopmail.com,Lauryn.Carmena@gmail.com,doctor
319,Katleen,Shields,Katleen.Shields@yopmail.com,Katleen.Shields@gmail.com,worker
320,Mellicent,Deny,Mellicent.Deny@yopmail.com,Mellicent.Deny@gmail.com,police officer
321,Georgetta,Annabella,Georgetta.Annabella@yopmail.com,Georgetta.Annabella@gmail.com,developer
322,Winifred,Myrilla,Winifred.Myrilla@yopmail.com,Winifred.Myrilla@gmail.com,police officer
323,Alexine,Pearse,Alexine.Pearse@yopmail.com,Alexine.Pearse@gmail.com,firefighter
324,Sissy,Ramona,Sissy.Ramona@yopmail.com,Sissy.Ramona@gmail.com,developer
325,Netty,Kimmie,Netty.Kimmie@yopmail.com,Netty.Kimmie@gmail.com,worker
326,Rochette,Allys,Rochette.Allys@yopmail.com,Rochette.Allys@gmail.com,worker
327,Doro,Jena,Doro.Jena@yopmail.com,Doro.Jena@gmail.com,firefighter
328,Sheelagh,Wildermuth,Sheelagh.Wildermuth@yopmail.com,Sheelagh.Wildermuth@gmail.com,firefighter
329,Lita,Center,Lita.Center@yopmail.com,Lita.Center@gmail.com,worker
330,Myriam,Buckler,Myriam.Buckler@yopmail.com,Myriam.Buckler@gmail.com,doctor
331,Elvira,Kinnard,Elvira.Kinnard@yopmail.com,Elvira.Kinnard@gmail.com,worker
332,Teriann,August,Teriann.August@yopmail.com,Teriann.August@gmail.com,police officer
333,Nikki,Regan,Nikki.Regan@yopmail.com,Nikki.Regan@gmail.com,doctor
334,Cristabel,Secrest,Cristabel.Secrest@yopmail.com,Cristabel.Secrest@gmail.com,doctor
335,Ermengarde,Byrne,Ermengarde.Byrne@yopmail.com,Ermengarde.Byrne@gmail.com,firefighter
336,Mary,Birdella,Mary.Birdella@yopmail.com,Mary.Birdella@gmail.com,worker
337,Lexine,Daegal,Lexine.Daegal@yopmail.com,Lexine.Daegal@gmail.com,doctor
338,Debee,Forrer,Debee.Forrer@yopmail.com,Debee.Forrer@gmail.com,firefighter
339,Wanda,Yorick,Wanda.Yorick@yopmail.com,Wanda.Yorick@gmail.com,doctor
340,Jacenta,Karl,Jacenta.Karl@yopmail.com,Jacenta.Karl@gmail.com,doctor
341,Sidoney,Armanda,Sidoney.Armanda@yopmail.com,Sidoney.Armanda@gmail.com,worker
342,Alex,Lilas,Alex.Lilas@yopmail.com,Alex.Lilas@gmail.com,police officer
343,Cissiee,Orelee,Cissiee.Orelee@yopmail.com,Cissiee.Orelee@gmail.com,firefighter
344,Orsola,Jacqui,Orsola.Jacqui@yopmail.com,Orsola.Jacqui@gmail.com,police officer
345,Dorene,Naor,Dorene.Naor@yopmail.com,Dorene.Naor@gmail.com,doctor
346,Janis,Ingra,Janis.Ingra@yopmail.com,Janis.Ingra@gmail.com,firefighter
347,Tani,Karl,Tani.Karl@yopmail.com,Tani.Karl@gmail.com,doctor
348,Melanie,Flyn,Melanie.Flyn@yopmail.com,Melanie.Flyn@gmail.com,worker
349,Winifred,Pandolfi,Winifred.Pandolfi@yopmail.com,Winifred.Pandolfi@gmail.com,firefighter
350,Jennica,Huggins,Jennica.Huggins@yopmail.com,Jennica.Huggins@gmail.com,worker
351,Pierette,Ferino,Pierette.Ferino@yopmail.com,Pierette.Ferino@gmail.com,developer
352,Mignon,Noelyn,Mignon.Noelyn@yopmail.com,Mignon.Noelyn@gmail.com,developer
353,Phedra,Federica,Phedra.Federica@yopmail.com,Phedra.Federica@gmail.com,firefighter
354,Ursulina,Schonfeld,Ursulina.Schonfeld@yopmail.com,Ursulina.Schonfeld@gmail.com,police officer
355,Brana,Romelda,Brana.Romelda@yopmail.com,Brana.Romelda@gmail.com,firefighter
356,Gisela,Alva,Gisela.Alva@yopmail.com,Gisela.Alva@gmail.com,doctor
357,Lusa,Callista,Lusa.Callista@yopmail.com,Lusa.Callista@gmail.com,developer
358,Roslyn,Erminia,Roslyn.Erminia@yopmail.com,Roslyn.Erminia@gmail.com,police officer
359,Selia,Mozelle,Selia.Mozelle@yopmail.com,Selia.Mozelle@gmail.com,worker
360,Althea,Ball,Althea.Ball@yopmail.com,Althea.Ball@gmail.com,police officer
361,Vivia,Natica,Vivia.Natica@yopmail.com,Vivia.Natica@gmail.com,police officer
362,Jerry,Cherianne,Jerry.Cherianne@yopmail.com,Jerry.Cherianne@gmail.com,doctor
363,Harmonia,Ashok,Harmonia.Ashok@yopmail.com,Harmonia.Ashok@gmail.com,developer
364,Laure,Greenwald,Laure.Greenwald@yopmail.com,Laure.Greenwald@gmail.com,police officer
365,Louella,Eben,Louella.Eben@yopmail.com,Louella.Eben@gmail.com,doctor
366,Leanna,Behre,Leanna.Behre@yopmail.com,Leanna.Behre@gmail.com,worker
367,Rosanne,Felecia,Rosanne.Felecia@yopmail.com,Rosanne.Felecia@gmail.com,doctor
368,Allyce,Lauraine,Allyce.Lauraine@yopmail.com,Allyce.Lauraine@gmail.com,developer
369,Teddie,Laverne,Teddie.Laverne@yopmail.com,Teddie.Laverne@gmail.com,police officer
370,Berta,Norrie,Berta.Norrie@yopmail.com,Berta.Norrie@gmail.com,doctor
371,Sabina,Ajay,Sabina.Ajay@yopmail.com,Sabina.Ajay@gmail.com,worker
372,Asia,Teryn,Asia.Teryn@yopmail.com,Asia.Teryn@gmail.com,doctor
373,Atlanta,Yorick,Atlanta.Yorick@yopmail.com,Atlanta.Yorick@gmail.com,worker
374,Tamqrah,Salvidor,Tamqrah.Salvidor@yopmail.com,Tamqrah.Salvidor@gmail.com,worker
375,Wileen,Andrel,Wileen.Andrel@yopmail.com,Wileen.Andrel@gmail.com,worker
376,Mureil,Joni,Mureil.Joni@yopmail.com,Mureil.Joni@gmail.com,firefighter
377,Yetty,Old,Yetty.Old@yopmail.com,Yetty.Old@gmail.com,police officer
378,Demetris,Noelyn,Demetris.Noelyn@yopmail.com,Demetris.Noelyn@gmail.com,developer
379,Valli,Verger,Valli.Verger@yopmail.com,Valli.Verger@gmail.com,worker
380,Mignon,Reinke,Mignon.Reinke@yopmail.com,Mignon.Reinke@gmail.com,doctor
381,Maridel,Damarra,Maridel.Damarra@yopmail.com,Maridel.Damarra@gmail.com,doctor
382,Talya,Helfand,Talya.Helfand@yopmail.com,Talya.Helfand@gmail.com,worker
383,Helena,Romelda,Helena.Romelda@yopmail.com,Helena.Romelda@gmail.com,worker
384,Gabi,Aida,Gabi.Aida@yopmail.com,Gabi.Aida@gmail.com,developer
385,Shandie,Ax,Shandie.Ax@yopmail.com,Shandie.Ax@gmail.com,worker
386,Zia,Ioab,Zia.Ioab@yopmail.com,Zia.Ioab@gmail.com,developer
387,Karena,Raseda,Karena.Raseda@yopmail.com,Karena.Raseda@gmail.com,police officer
388,Melodie,Howlyn,Melodie.Howlyn@yopmail.com,Melodie.Howlyn@gmail.com,doctor
389,Ardys,Cleavland,Ardys.Cleavland@yopmail.com,Ardys.Cleavland@gmail.com,firefighter
390,Shaine,Buckler,Shaine.Buckler@yopmail.com,Shaine.Buckler@gmail.com,doctor
391,Willetta,Colbert,Willetta.Colbert@yopmail.com,Willetta.Colbert@gmail.com,police officer
392,Ricky,Schroth,Ricky.Schroth@yopmail.com,Ricky.Schroth@gmail.com,firefighter
393,Ulrike,Fennessy,Ulrike.Fennessy@yopmail.com,Ulrike.Fennessy@gmail.com,doctor
394,Bobbi,Lilas,Bobbi.Lilas@yopmail.com,Bobbi.Lilas@gmail.com,firefighter
395,Albertina,Reneta,Albertina.Reneta@yopmail.com,Albertina.Reneta@gmail.com,developer
396,Kassey,Salvidor,Kassey.Salvidor@yopmail.com,Kassey.Salvidor@gmail.com,police officer
397,Justinn,Roche,Justinn.Roche@yopmail.com,Justinn.Roche@gmail.com,worker
398,Millie,Cottle,Millie.Cottle@yopmail.com,Millie.Cottle@gmail.com,worker
399,Brooks,Nance,Brooks.Nance@yopmail.com,Brooks.Nance@gmail.com,firefighter
400,Farrah,Madaih,Farrah.Madaih@yopmail.com,Farrah.Madaih@gmail.com,worker
401,Barbi,Palocz,Barbi.Palocz@yopmail.com,Barbi.Palocz@gmail.com,developer
402,Ebonee,Xerxes,Ebonee.Xerxes@yopmail.com,Ebonee.Xerxes@gmail.com,police officer
403,Danika,Rolf,Danika.Rolf@yopmail.com,Danika.Rolf@gmail.com,worker
404,Cherilyn,Rogerio,Cherilyn.Rogerio@yopmail.com,Cherilyn.Rogerio@gmail.com,police officer
405,Lynnea,Raffo,Lynnea.Raffo@yopmail.com,Lynnea.Raffo@gmail.com,developer
406,Jan,Alejoa,Jan.Alejoa@yopmail.com,Jan.Alejoa@gmail.com,worker
407,Calla,Wareing,Calla.Wareing@yopmail.com,Calla.Wareing@gmail.com,police officer
408,Flo,Urania,Flo.Urania@yopmail.com,Flo.Urania@gmail.com,firefighter
409,Tilly,Gino,Tilly.Gino@yopmail.com,Tilly.Gino@gmail.com,police officer
410,Bill,Kenney,Bill.Kenney@yopmail.com,Bill.Kenney@gmail.com,police officer
411,Farrah,Salchunas,Farrah.Salchunas@yopmail.com,Farrah.Salchunas@gmail.com,worker
412,Margette,Heidt,Margette.Heidt@yopmail.com,Margette.Heidt@gmail.com,police officer
413,Jenda,Mathilde,Jenda.Mathilde@yopmail.com,Jenda.Mathilde@gmail.com,doctor
414,Fanny,Flita,Fanny.Flita@yopmail.com,Fanny.Flita@gmail.com,doctor
415,Caryl,Lowry,Caryl.Lowry@yopmail.com,Caryl.Lowry@gmail.com,police officer
416,Darlleen,Wenda,Darlleen.Wenda@yopmail.com,Darlleen.Wenda@gmail.com,doctor
417,Juliane,Decato,Juliane.Decato@yopmail.com,Juliane.Decato@gmail.com,developer
418,Rhea,Ackerley,Rhea.Ackerley@yopmail.com,Rhea.Ackerley@gmail.com,developer
419,Heddie,Grimbly,Heddie.Grimbly@yopmail.com,Heddie.Grimbly@gmail.com,police officer
420,Jenilee,Tristram,Jenilee.Tristram@yopmail.com,Jenilee.Tristram@gmail.com,police officer
421,Beth,Jacobah,Beth.Jacobah@yopmail.com,Beth.Jacobah@gmail.com,doctor
422,Gretal,Chinua,Gretal.Chinua@yopmail.com,Gretal.Chinua@gmail.com,doctor
423,Kirstin,Pyle,Kirstin.Pyle@yopmail.com,Kirstin.Pyle@gmail.com,doctor
424,Jacquetta,Ailyn,Jacquetta.Ailyn@yopmail.com,Jacquetta.Ailyn@gmail.com,doctor
425,Xylina,Garek,Xylina.Garek@yopmail.com,Xylina.Garek@gmail.com,firefighter
426,Konstance,Zina,Konstance.Zina@yopmail.com,Konstance.Zina@gmail.com,worker
427,Kore,Alarise,Kore.Alarise@yopmail.com,Kore.Alarise@gmail.com,police officer
428,Ivett,Kiyoshi,Ivett.Kiyoshi@yopmail.com,Ivett.Kiyoshi@gmail.com,developer
429,Rhoda,Nisbet,Rhoda.Nisbet@yopmail.com,Rhoda.Nisbet@gmail.com,police officer
430,Celene,Erskine,Celene.Erskine@yopmail.com,Celene.Erskine@gmail.com,police officer
431,Shandie,Hebner,Shandie.Hebner@yopmail.com,Shandie.Hebner@gmail.com,developer
432,Jaime,Travax,Jaime.Travax@yopmail.com,Jaime.Travax@gmail.com,worker
433,Darci,Goddard,Darci.Goddard@yopmail.com,Darci.Goddard@gmail.com,police officer
434,Iseabal,Hazlett,Iseabal.Hazlett@yopmail.com,Iseabal.Hazlett@gmail.com,worker
435,Nariko,Cristi,Nariko.Cristi@yopmail.com,Nariko.Cristi@gmail.com,developer
436,Ashlee,Thornburg,Ashlee.Thornburg@yopmail.com,Ashlee.Thornburg@gmail.com,developer
437,Lila,Honoria,Lila.Honoria@yopmail.com,Lila.Honoria@gmail.com,firefighter
438,Letizia,Thad,Letizia.Thad@yopmail.com,Letizia.Thad@gmail.com,police officer
439,Roxane,Manolo,Roxane.Manolo@yopmail.com,Roxane.Manolo@gmail.com,worker
440,Rhoda,Atcliffe,Rhoda.Atcliffe@yopmail.com,Rhoda.Atcliffe@gmail.com,firefighter
441,Oona,Noelyn,Oona.Noelyn@yopmail.com,Oona.Noelyn@gmail.com,worker
442,Daryl,Thilda,Daryl.Thilda@yopmail.com,Daryl.Thilda@gmail.com,worker
443,Ann-Marie,Weaks,Ann-Marie.Weaks@yopmail.com,Ann-Marie.Weaks@gmail.com,police officer
444,Collen,Eno,Collen.Eno@yopmail.com,Collen.Eno@gmail.com,police officer
445,Kamilah,Pozzy,Kamilah.Pozzy@yopmail.com,Kamilah.Pozzy@gmail.com,developer
446,Bernardine,Harned,Bernardine.Harned@yopmail.com,Bernardine.Harned@gmail.com,developer
447,Esmeralda,Medrek,Esmeralda.Medrek@yopmail.com,Esmeralda.Medrek@gmail.com,developer
448,Sherrie,Kirstin,Sherrie.Kirstin@yopmail.com,Sherrie.Kirstin@gmail.com,police officer
449,Ginnie,Hunfredo,Ginnie.Hunfredo@yopmail.com,Ginnie.Hunfredo@gmail.com,police officer
450,Cherilyn,Grayce,Cherilyn.Grayce@yopmail.com,Cherilyn.Grayce@gmail.com,developer
451,Andeee,Sheedy,Andeee.Sheedy@yopmail.com,Andeee.Sheedy@gmail.com,worker
452,Anthia,Harriman,Anthia.Harriman@yopmail.com,Anthia.Harriman@gmail.com,firefighter
453,Goldie,Kiyoshi,Goldie.Kiyoshi@yopmail.com,Goldie.Kiyoshi@gmail.com,developer
454,Daphne,Nickola,Daphne.Nickola@yopmail.com,Daphne.Nickola@gmail.com,doctor
455,Maisey,Seessel,Maisey.Seessel@yopmail.com,Maisey.Seessel@gmail.com,doctor
456,Wanda,Fosque,Wanda.Fosque@yopmail.com,Wanda.Fosque@gmail.com,worker
457,Willetta,Elisha,Willetta.Elisha@yopmail.com,Willetta.Elisha@gmail.com,worker
458,Ira,Niles,Ira.Niles@yopmail.com,Ira.Niles@gmail.com,developer
459,Millie,Paton,Millie.Paton@yopmail.com,Millie.Paton@gmail.com,doctor
460,Celisse,Jethro,Celisse.Jethro@yopmail.com,Celisse.Jethro@gmail.com,worker
461,Misha,Constancy,Misha.Constancy@yopmail.com,Misha.Constancy@gmail.com,developer
462,Netty,Romelda,Netty.Romelda@yopmail.com,Netty.Romelda@gmail.com,developer
463,Caressa,Irmine,Caressa.Irmine@yopmail.com,Caressa.Irmine@gmail.com,doctor
464,Jaclyn,Nunci,Jaclyn.Nunci@yopmail.com,Jaclyn.Nunci@gmail.com,firefighter
465,Gilligan,Rubie,Gilligan.Rubie@yopmail.com,Gilligan.Rubie@gmail.com,firefighter
466,Jere,Skell,Jere.Skell@yopmail.com,Jere.Skell@gmail.com,firefighter
467,Phedra,Kosey,Phedra.Kosey@yopmail.com,Phedra.Kosey@gmail.com,worker
468,Penelopa,Germann,Penelopa.Germann@yopmail.com,Penelopa.Germann@gmail.com,firefighter
469,Cyb,Therine,Cyb.Therine@yopmail.com,Cyb.Therine@gmail.com,worker
470,Edith,Arathorn,Edith.Arathorn@yopmail.com,Edith.Arathorn@gmail.com,police officer
471,Ricky,Firmin,Ricky.Firmin@yopmail.com,Ricky.Firmin@gmail.com,developer
472,Vevay,Kirstin,Vevay.Kirstin@yopmail.com,Vevay.Kirstin@gmail.com,developer
473,Lusa,Fabiola,Lusa.Fabiola@yopmail.com,Lusa.Fabiola@gmail.com,firefighter
474,Alejandra,Anastatius,Alejandra.Anastatius@yopmail.com,Alejandra.Anastatius@gmail.com,firefighter
475,Jan,Emmy,Jan.Emmy@yopmail.com,Jan.Emmy@gmail.com,police officer
476,Gianina,Candy,Gianina.Candy@yopmail.com,Gianina.Candy@gmail.com,developer
477,Mamie,Old,Mamie.Old@yopmail.com,Mamie.Old@gmail.com,worker
478,Therine,Ailyn,Therine.Ailyn@yopmail.com,Therine.Ailyn@gmail.com,firefighter
479,Meriel,Hortensia,Meriel.Hortensia@yopmail.com,Meriel.Hortensia@gmail.com,police officer
480,Lusa,Roche,Lusa.Roche@yopmail.com,Lusa.Roche@gmail.com,developer
481,Netty,Kamaria,Netty.Kamaria@yopmail.com,Netty.Kamaria@gmail.com,developer
482,Jessamyn,Verger,Jessamyn.Verger@yopmail.com,Jessamyn.Verger@gmail.com,police officer
483,Meghann,Letsou,Meghann.Letsou@yopmail.com,Meghann.Letsou@gmail.com,firefighter
484,Dawn,Persse,Dawn.Persse@yopmail.com,Dawn.Persse@gmail.com,developer
485,Modestia,Philipp,Modestia.Philipp@yopmail.com,Modestia.Philipp@gmail.com,developer
486,Lynea,Johnsson,Lynea.Johnsson@yopmail.com,Lynea.Johnsson@gmail.com,police officer
487,Bettine,Martsen,Bettine.Martsen@yopmail.com,Bettine.Martsen@gmail.com,worker
488,Elie,Stanwood,Elie.Stanwood@yopmail.com,Elie.Stanwood@gmail.com,firefighter
489,Kathy,Fennessy,Kathy.Fennessy@yopmail.com,Kathy.Fennessy@gmail.com,doctor
490,Liana,Charity,Liana.Charity@yopmail.com,Liana.Charity@gmail.com,doctor
491,Stephanie,Carlson,Stephanie.Carlson@yopmail.com,Stephanie.Carlson@gmail.com,doctor
492,Brynna,Baudin,Brynna.Baudin@yopmail.com,Brynna.Baudin@gmail.com,doctor
493,Kaja,Eno,Kaja.Eno@yopmail.com,Kaja.Eno@gmail.com,doctor
494,Kore,Cimbura,Kore.Cimbura@yopmail.com,Kore.Cimbura@gmail.com,firefighter
495,Neila,Bord,Neila.Bord@yopmail.com,Neila.Bord@gmail.com,police officer
496,Althea,Alexandr,Althea.Alexandr@yopmail.com,Althea.Alexandr@gmail.com,developer
497,Lanna,Ludewig,Lanna.Ludewig@yopmail.com,Lanna.Ludewig@gmail.com,doctor
498,Debee,Jacinda,Debee.Jacinda@yopmail.com,Debee.Jacinda@gmail.com,police officer
499,Millie,Nea,Millie.Nea@yopmail.com,Millie.Nea@gmail.com,developer
500,Rochette,Brodench,Rochette.Brodench@yopmail.com,Rochette.Brodench@gmail.com,worker
501,Amelia,Delacourt,Amelia.Delacourt@yopmail.com,Amelia.Delacourt@gmail.com,developer
502,Selia,Alwin,Selia.Alwin@yopmail.com,Selia.Alwin@gmail.com,developer
503,Ada,Vharat,Ada.Vharat@yopmail.com,Ada.Vharat@gmail.com,firefighter
504,Annice,Kazimir,Annice.Kazimir@yopmail.com,Annice.Kazimir@gmail.com,police officer
505,Gisela,Adalbert,Gisela.Adalbert@yopmail.com,Gisela.Adalbert@gmail.com,firefighter
506,Vanessa,Krystle,Vanessa.Krystle@yopmail.com,Vanessa.Krystle@gmail.com,developer
507,Blake,Audly,Blake.Audly@yopmail.com,Blake.Audly@gmail.com,firefighter
508,Brena,Bivins,Brena.Bivins@yopmail.com,Brena.Bivins@gmail.com,worker
509,Katharina,Lilybelle,Katharina.Lilybelle@yopmail.com,Katharina.Lilybelle@gmail.com,worker
510,Marguerite,Loring,Marguerite.Loring@yopmail.com,Marguerite.Loring@gmail.com,worker
511,Arabel,Odysseus,Arabel.Odysseus@yopmail.com,Arabel.Odysseus@gmail.com,police officer
512,Oona,Rhu,Oona.Rhu@yopmail.com,Oona.Rhu@gmail.com,firefighter
513,Rebeca,Leifeste,Rebeca.Leifeste@yopmail.com,Rebeca.Leifeste@gmail.com,developer
514,Andeee,Martsen,Andeee.Martsen@yopmail.com,Andeee.Martsen@gmail.com,firefighter
515,Oralee,Saunderson,Oralee.Saunderson@yopmail.com,Oralee.Saunderson@gmail.com,developer
516,Ronna,Riva,Ronna.Riva@yopmail.com,Ronna.Riva@gmail.com,doctor
517,Carmencita,Egbert,Carmencita.Egbert@yopmail.com,Carmencita.Egbert@gmail.com,firefighter
518,Demetris,Adrienne,Demetris.Adrienne@yopmail.com,Demetris.Adrienne@gmail.com,police officer
519,Sheelagh,Baylor,Sheelagh.Baylor@yopmail.com,Sheelagh.Baylor@gmail.com,doctor
520,Talya,Lucienne,Talya.Lucienne@yopmail.com,Talya.Lucienne@gmail.com,doctor
521,Kristina,Roxanna,Kristina.Roxanna@yopmail.com,Kristina.Roxanna@gmail.com,worker
522,Eolanda,Jena,Eolanda.Jena@yopmail.com,Eolanda.Jena@gmail.com,doctor
523,Tani,Munn,Tani.Munn@yopmail.com,Tani.Munn@gmail.com,developer
524,Roz,Emmy,Roz.Emmy@yopmail.com,Roz.Emmy@gmail.com,developer
525,Lelah,Liebermann,Lelah.Liebermann@yopmail.com,Lelah.Liebermann@gmail.com,firefighter
526,Sabina,Dorothy,Sabina.Dorothy@yopmail.com,Sabina.Dorothy@gmail.com,firefighter
527,Laurene,Tjon,Laurene.Tjon@yopmail.com,Laurene.Tjon@gmail.com,police officer
528,Inga,Blase,Inga.Blase@yopmail.com,Inga.Blase@gmail.com,firefighter
529,Annice,Dex,Annice.Dex@yopmail.com,Annice.Dex@gmail.com,police officer
530,Emilia,Leopold,Emilia.Leopold@yopmail.com,Emilia.Leopold@gmail.com,firefighter
531,Tressa,Hubert,Tressa.Hubert@yopmail.com,Tressa.Hubert@gmail.com,developer
532,Etta,Giule,Etta.Giule@yopmail.com,Etta.Giule@gmail.com,developer
533,Dacia,Karna,Dacia.Karna@yopmail.com,Dacia.Karna@gmail.com,developer
534,Teddie,Alabaster,Teddie.Alabaster@yopmail.com,Teddie.Alabaster@gmail.com,worker
535,Paulita,Carey,Paulita.Carey@yopmail.com,Paulita.Carey@gmail.com,firefighter
536,Ernesta,Virgin,Ernesta.Virgin@yopmail.com,Ernesta.Virgin@gmail.com,worker
537,Genovera,Grayce,Genovera.Grayce@yopmail.com,Genovera.Grayce@gmail.com,developer
538,Carly,Rad,Carly.Rad@yopmail.com,Carly.Rad@gmail.com,firefighter
539,Annabela,Glenden,Annabela.Glenden@yopmail.com,Annabela.Glenden@gmail.com,police officer
540,Sarette,Marijo,Sarette.Marijo@yopmail.com,Sarette.Marijo@gmail.com,firefighter
541,Barbi,Schlosser,Barbi.Schlosser@yopmail.com,Barbi.Schlosser@gmail.com,developer
542,Rhea,Hilbert,Rhea.Hilbert@yopmail.com,Rhea.Hilbert@gmail.com,developer
543,Sean,Fennessy,Sean.Fennessy@yopmail.com,Sean.Fennessy@gmail.com,doctor
544,Max,Fosque,Max.Fosque@yopmail.com,Max.Fosque@gmail.com,firefighter
545,Jerry,Gavrila,Jerry.Gavrila@yopmail.com,Jerry.Gavrila@gmail.com,developer
546,Aeriela,Gamaliel,Aeriela.Gamaliel@yopmail.com,Aeriela.Gamaliel@gmail.com,developer
547,Eugine,Fennessy,Eugine.Fennessy@yopmail.com,Eugine.Fennessy@gmail.com,firefighter
548,Sashenka,Bendick,Sashenka.Bendick@yopmail.com,Sashenka.Bendick@gmail.com,doctor
549,Dulce,Linskey,Dulce.Linskey@yopmail.com,Dulce.Linskey@gmail.com,doctor
550,Olwen,Harned,Olwen.Harned@yopmail.com,Olwen.Harned@gmail.com,police officer
551,Jenilee,Felecia,Jenilee.Felecia@yopmail.com,Jenilee.Felecia@gmail.com,police officer
552,Mellicent,Loleta,Mellicent.Loleta@yopmail.com,Mellicent.Loleta@gmail.com,doctor
553,Ivett,Merna,Ivett.Merna@yopmail.com,Ivett.Merna@gmail.com,doctor
554,Brooks,Harriman,Brooks.Harriman@yopmail.com,Brooks.Harriman@gmail.com,developer
555,Sam,Wind,Sam.Wind@yopmail.com,Sam.Wind@gmail.com,developer
556,Leona,Brieta,Leona.Brieta@yopmail.com,Leona.Brieta@gmail.com,firefighter
557,Clary,Lory,Clary.Lory@yopmail.com,Clary.Lory@gmail.com,doctor
558,Elena,Mauer,Elena.Mauer@yopmail.com,Elena.Mauer@gmail.com,doctor
559,Rochette,Jacobah,Rochette.Jacobah@yopmail.com,Rochette.Jacobah@gmail.com,doctor
560,Nannie,Ferrell,Nannie.Ferrell@yopmail.com,Nannie.Ferrell@gmail.com,police officer
561,Paule,Jehu,Paule.Jehu@yopmail.com,Paule.Jehu@gmail.com,developer
562,Linet,Vharat,Linet.Vharat@yopmail.com,Linet.Vharat@gmail.com,developer
563,Merle,Chrystel,Merle.Chrystel@yopmail.com,Merle.Chrystel@gmail.com,worker
564,Brietta,Hebner,Brietta.Hebner@yopmail.com,Brietta.Hebner@gmail.com,worker
565,Lelah,Lamoree,Lelah.Lamoree@yopmail.com,Lelah.Lamoree@gmail.com,developer
566,Eadie,Alice,Eadie.Alice@yopmail.com,Eadie.Alice@gmail.com,police officer
567,Maurene,Croix,Maurene.Croix@yopmail.com,Maurene.Croix@gmail.com,firefighter
568,Chloris,Kirbee,Chloris.Kirbee@yopmail.com,Chloris.Kirbee@gmail.com,developer
569,Harrietta,Morgun,Harrietta.Morgun@yopmail.com,Harrietta.Morgun@gmail.com,doctor
570,Eve,Zola,Eve.Zola@yopmail.com,Eve.Zola@gmail.com,firefighter
571,Neila,Torray,Neila.Torray@yopmail.com,Neila.Torray@gmail.com,developer
572,Myriam,Rocray,Myriam.Rocray@yopmail.com,Myriam.Rocray@gmail.com,developer
573,Ekaterina,Stephie,Ekaterina.Stephie@yopmail.com,Ekaterina.Stephie@gmail.com,police officer
574,Sara-Ann,Neva,Sara-Ann.Neva@yopmail.com,Sara-Ann.Neva@gmail.com,doctor
575,Roseline,Elisha,Roseline.Elisha@yopmail.com,Roseline.Elisha@gmail.com,doctor
576,Konstance,Parette,Konstance.Parette@yopmail.com,Konstance.Parette@gmail.com,doctor
577,Nataline,Pearse,Nataline.Pearse@yopmail.com,Nataline.Pearse@gmail.com,doctor
578,Frieda,Iaverne,Frieda.Iaverne@yopmail.com,Frieda.Iaverne@gmail.com,developer
579,Adore,Leler,Adore.Leler@yopmail.com,Adore.Leler@gmail.com,developer
580,Sarette,Sinegold,Sarette.Sinegold@yopmail.com,Sarette.Sinegold@gmail.com,developer
581,Lolita,Bevin,Lolita.Bevin@yopmail.com,Lolita.Bevin@gmail.com,police officer
582,Caryl,Ludewig,Caryl.Ludewig@yopmail.com,Caryl.Ludewig@gmail.com,developer
583,Tarra,Barrus,Tarra.Barrus@yopmail.com,Tarra.Barrus@gmail.com,developer
584,Theodora,Garlinda,Theodora.Garlinda@yopmail.com,Theodora.Garlinda@gmail.com,police officer
585,Vinita,Leifeste,Vinita.Leifeste@yopmail.com,Vinita.Leifeste@gmail.com,developer
586,Tonia,Ashely,Tonia.Ashely@yopmail.com,Tonia.Ashely@gmail.com,police officer
587,Cassondra,Amand,Cassondra.Amand@yopmail.com,Cassondra.Amand@gmail.com,worker
588,Winny,Greenwald,Winny.Greenwald@yopmail.com,Winny.Greenwald@gmail.com,doctor
589,Agathe,Palocz,Agathe.Palocz@yopmail.com,Agathe.Palocz@gmail.com,worker
590,Hettie,Haerr,Hettie.Haerr@yopmail.com,Hettie.Haerr@gmail.com,doctor
591,Jessy,Eiser,Jessy.Eiser@yopmail.com,Jessy.Eiser@gmail.com,developer
592,Reeba,Dalli,Reeba.Dalli@yopmail.com,Reeba.Dalli@gmail.com,police officer
593,Yetty,Randene,Yetty.Randene@yopmail.com,Yetty.Randene@gmail.com,firefighter
594,Miquela,Goldina,Miquela.Goldina@yopmail.com,Miquela.Goldina@gmail.com,police officer
595,Kylynn,Etom,Kylynn.Etom@yopmail.com,Kylynn.Etom@gmail.com,worker
596,Alexine,Leonard,Alexine.Leonard@yopmail.com,Alexine.Leonard@gmail.com,worker
597,Agathe,Faro,Agathe.Faro@yopmail.com,Agathe.Faro@gmail.com,developer
598,Gianina,My,Gianina.My@yopmail.com,Gianina.My@gmail.com,worker
599,Odessa,Yam,Odessa.Yam@yopmail.com,Odessa.Yam@gmail.com,worker
600,Shaylyn,Nester,Shaylyn.Nester@yopmail.com,Shaylyn.Nester@gmail.com,police officer
601,Sophia,Cherianne,Sophia.Cherianne@yopmail.com,Sophia.Cherianne@gmail.com,firefighter
602,Tersina,Oscar,Tersina.Oscar@yopmail.com,Tersina.Oscar@gmail.com,developer
603,Lynnea,Kazimir,Lynnea.Kazimir@yopmail.com,Lynnea.Kazimir@gmail.com,firefighter
604,Elka,Dannye,Elka.Dannye@yopmail.com,Elka.Dannye@gmail.com,doctor
605,Meriel,Means,Meriel.Means@yopmail.com,Meriel.Means@gmail.com,developer
606,Adriana,Regan,Adriana.Regan@yopmail.com,Adriana.Regan@gmail.com,police officer
607,Pierette,Mott,Pierette.Mott@yopmail.com,Pierette.Mott@gmail.com,developer
608,Daune,Terrence,Daune.Terrence@yopmail.com,Daune.Terrence@gmail.com,police officer
609,Micheline,Hunfredo,Micheline.Hunfredo@yopmail.com,Micheline.Hunfredo@gmail.com,doctor
610,Roxane,Eugenia,Roxane.Eugenia@yopmail.com,Roxane.Eugenia@gmail.com,worker
611,Belva,Ciro,Belva.Ciro@yopmail.com,Belva.Ciro@gmail.com,worker
612,Dagmar,Sundin,Dagmar.Sundin@yopmail.com,Dagmar.Sundin@gmail.com,police officer
613,Georgina,Ailyn,Georgina.Ailyn@yopmail.com,Georgina.Ailyn@gmail.com,developer
614,Edyth,Casimir,Edyth.Casimir@yopmail.com,Edyth.Casimir@gmail.com,developer
615,Ginnie,Chaing,Ginnie.Chaing@yopmail.com,Ginnie.Chaing@gmail.com,firefighter
616,Charmaine,Hashim,Charmaine.Hashim@yopmail.com,Charmaine.Hashim@gmail.com,developer
617,Joelly,Septima,Joelly.Septima@yopmail.com,Joelly.Septima@gmail.com,worker
618,Allis,Rossner,Allis.Rossner@yopmail.com,Allis.Rossner@gmail.com,firefighter
619,Aryn,Hewitt,Aryn.Hewitt@yopmail.com,Aryn.Hewitt@gmail.com,worker
620,Evita,Ilka,Evita.Ilka@yopmail.com,Evita.Ilka@gmail.com,worker
621,Roberta,Soneson,Roberta.Soneson@yopmail.com,Roberta.Soneson@gmail.com,firefighter
622,Laurene,Hertzfeld,Laurene.Hertzfeld@yopmail.com,Laurene.Hertzfeld@gmail.com,worker
623,Talya,Smitt,Talya.Smitt@yopmail.com,Talya.Smitt@gmail.com,doctor
624,Myriam,Ephrem,Myriam.Ephrem@yopmail.com,Myriam.Ephrem@gmail.com,firefighter
625,Fanchon,Ilka,Fanchon.Ilka@yopmail.com,Fanchon.Ilka@gmail.com,worker
626,Jan,Connelly,Jan.Connelly@yopmail.com,Jan.Connelly@gmail.com,developer
627,Gusty,Brieta,Gusty.Brieta@yopmail.com,Gusty.Brieta@gmail.com,developer
628,Cristine,Atonsah,Cristine.Atonsah@yopmail.com,Cristine.Atonsah@gmail.com,police officer
629,Winny,Bluh,Winny.Bluh@yopmail.com,Winny.Bluh@gmail.com,police officer
630,Vivia,Zaslow,Vivia.Zaslow@yopmail.com,Vivia.Zaslow@gmail.com,developer
631,Lila,Wallis,Lila.Wallis@yopmail.com,Lila.Wallis@gmail.com,worker
632,Julieta,Breed,Julieta.Breed@yopmail.com,Julieta.Breed@gmail.com,firefighter
633,Marguerite,Rustice,Marguerite.Rustice@yopmail.com,Marguerite.Rustice@gmail.com,worker
634,Basia,August,Basia.August@yopmail.com,Basia.August@gmail.com,worker
635,Ilse,Goerke,Ilse.Goerke@yopmail.com,Ilse.Goerke@gmail.com,developer
636,Edith,Rooney,Edith.Rooney@yopmail.com,Edith.Rooney@gmail.com,firefighter
637,Mamie,Tremayne,Mamie.Tremayne@yopmail.com,Mamie.Tremayne@gmail.com,developer
638,Andree,Faust,Andree.Faust@yopmail.com,Andree.Faust@gmail.com,worker
639,Jerry,Vittoria,Jerry.Vittoria@yopmail.com,Jerry.Vittoria@gmail.com,doctor
640,Courtnay,Dunkin,Courtnay.Dunkin@yopmail.com,Courtnay.Dunkin@gmail.com,police officer
641,Karolina,Brieta,Karolina.Brieta@yopmail.com,Karolina.Brieta@gmail.com,worker
642,Alie,Erskine,Alie.Erskine@yopmail.com,Alie.Erskine@gmail.com,firefighter
643,Zsa Zsa,Ciro,Zsa Zsa.Ciro@yopmail.com,Zsa Zsa.Ciro@gmail.com,police officer
644,Roseline,Mandler,Roseline.Mandler@yopmail.com,Roseline.Mandler@gmail.com,doctor
645,Sonni,Even,Sonni.Even@yopmail.com,Sonni.Even@gmail.com,worker
646,Carol-Jean,Juliet,Carol-Jean.Juliet@yopmail.com,Carol-Jean.Juliet@gmail.com,firefighter
647,Etta,Myrilla,Etta.Myrilla@yopmail.com,Etta.Myrilla@gmail.com,worker
648,Hyacinthe,Berl,Hyacinthe.Berl@yopmail.com,Hyacinthe.Berl@gmail.com,firefighter
649,Catharine,Margret,Catharine.Margret@yopmail.com,Catharine.Margret@gmail.com,firefighter
650,Ninnetta,Goddard,Ninnetta.Goddard@yopmail.com,Ninnetta.Goddard@gmail.com,police officer
651,Tilly,Anderea,Tilly.Anderea@yopmail.com,Tilly.Anderea@gmail.com,developer
652,Bertine,Hillel,Bertine.Hillel@yopmail.com,Bertine.Hillel@gmail.com,firefighter
653,Sheree,Clie,Sheree.Clie@yopmail.com,Sheree.Clie@gmail.com,doctor
654,Rori,Llovera,Rori.Llovera@yopmail.com,Rori.Llovera@gmail.com,worker
655,Ardeen,Amethist,Ardeen.Amethist@yopmail.com,Ardeen.Amethist@gmail.com,doctor
656,Ariela,Cullin,Ariela.Cullin@yopmail.com,Ariela.Cullin@gmail.com,developer
657,Jessamyn,Dudley,Jessamyn.Dudley@yopmail.com,Jessamyn.Dudley@gmail.com,firefighter
658,Annice,Earlie,Annice.Earlie@yopmail.com,Annice.Earlie@gmail.com,doctor
659,Clementine,Erich,Clementine.Erich@yopmail.com,Clementine.Erich@gmail.com,police officer
660,Elyssa,Tryck,Elyssa.Tryck@yopmail.com,Elyssa.Tryck@gmail.com,worker
661,Chrystel,Helve,Chrystel.Helve@yopmail.com,Chrystel.Helve@gmail.com,firefighter
662,Nadine,Urias,Nadine.Urias@yopmail.com,Nadine.Urias@gmail.com,worker
663,Carly,Riordan,Carly.Riordan@yopmail.com,Carly.Riordan@gmail.com,worker
664,Kittie,Hillel,Kittie.Hillel@yopmail.com,Kittie.Hillel@gmail.com,worker
665,Tersina,Ogren,Tersina.Ogren@yopmail.com,Tersina.Ogren@gmail.com,police officer
666,Mathilda,Maryanne,Mathilda.Maryanne@yopmail.com,Mathilda.Maryanne@gmail.com,worker
667,Barbi,Mauer,Barbi.Mauer@yopmail.com,Barbi.Mauer@gmail.com,developer
668,Hettie,Cordi,Hettie.Cordi@yopmail.com,Hettie.Cordi@gmail.com,doctor
669,Lindie,Ruvolo,Lindie.Ruvolo@yopmail.com,Lindie.Ruvolo@gmail.com,doctor
670,Liana,Amethist,Liana.Amethist@yopmail.com,Liana.Amethist@gmail.com,worker
671,Justinn,Hollingsworth,Justinn.Hollingsworth@yopmail.com,Justinn.Hollingsworth@gmail.com,police officer
672,Aryn,Parsaye,Aryn.Parsaye@yopmail.com,Aryn.Parsaye@gmail.com,developer
673,Alejandra,Seessel,Alejandra.Seessel@yopmail.com,Alejandra.Seessel@gmail.com,developer
674,Tera,Chinua,Tera.Chinua@yopmail.com,Tera.Chinua@gmail.com,worker
675,Pollyanna,Brandice,Pollyanna.Brandice@yopmail.com,Pollyanna.Brandice@gmail.com,worker
676,Kimmy,Emanuel,Kimmy.Emanuel@yopmail.com,Kimmy.Emanuel@gmail.com,doctor
677,Etta,Nore,Etta.Nore@yopmail.com,Etta.Nore@gmail.com,police officer
678,Cam,Roscoe,Cam.Roscoe@yopmail.com,Cam.Roscoe@gmail.com,worker
679,Myrtice,Madox,Myrtice.Madox@yopmail.com,Myrtice.Madox@gmail.com,worker
680,Michaelina,Annabella,Michaelina.Annabella@yopmail.com,Michaelina.Annabella@gmail.com,developer
681,Christian,Chinua,Christian.Chinua@yopmail.com,Christian.Chinua@gmail.com,doctor
682,Cassandra,Callista,Cassandra.Callista@yopmail.com,Cassandra.Callista@gmail.com,police officer
683,Morganica,Nerita,Morganica.Nerita@yopmail.com,Morganica.Nerita@gmail.com,firefighter
684,Noelle,Phi,Noelle.Phi@yopmail.com,Noelle.Phi@gmail.com,worker
685,Janenna,Dawkins,Janenna.Dawkins@yopmail.com,Janenna.Dawkins@gmail.com,developer
686,Queenie,Medrek,Queenie.Medrek@yopmail.com,Queenie.Medrek@gmail.com,firefighter
687,Nerta,Deegan,Nerta.Deegan@yopmail.com,Nerta.Deegan@gmail.com,developer
688,Ardenia,Bartlett,Ardenia.Bartlett@yopmail.com,Ardenia.Bartlett@gmail.com,police officer
689,Wendi,Danby,Wendi.Danby@yopmail.com,Wendi.Danby@gmail.com,police officer
690,Rayna,Margarete,Rayna.Margarete@yopmail.com,Rayna.Margarete@gmail.com,police officer
691,Rubie,Bertold,Rubie.Bertold@yopmail.com,Rubie.Bertold@gmail.com,firefighter
692,Flo,Raul,Flo.Raul@yopmail.com,Flo.Raul@gmail.com,doctor
693,Almeta,Larochelle,Almeta.Larochelle@yopmail.com,Almeta.Larochelle@gmail.com,developer
694,Fernande,O'Rourke,Fernande.O'Rourke@yopmail.com,Fernande.O'Rourke@gmail.com,police officer
695,Sidoney,Madaih,Sidoney.Madaih@yopmail.com,Sidoney.Madaih@gmail.com,doctor
696,Bertine,Payson,Bertine.Payson@yopmail.com,Bertine.Payson@gmail.com,doctor
697,Courtnay,Hepsibah,Courtnay.Hepsibah@yopmail.com,Courtnay.Hepsibah@gmail.com,worker
698,Ardeen,Eben,Ardeen.Eben@yopmail.com,Ardeen.Eben@gmail.com,firefighter
699,Chandra,Cosenza,Chandra.Cosenza@yopmail.com,Chandra.Cosenza@gmail.com,worker
700,Anestassia,Darian,Anestassia.Darian@yopmail.com,Anestassia.Darian@gmail.com,developer
701,Libbie,Ajay,Libbie.Ajay@yopmail.com,Libbie.Ajay@gmail.com,firefighter
702,Ebonee,Kalinda,Ebonee.Kalinda@yopmail.com,Ebonee.Kalinda@gmail.com,worker
703,Robinia,Trinetta,Robinia.Trinetta@yopmail.com,Robinia.Trinetta@gmail.com,developer
704,Gavrielle,Fiester,Gavrielle.Fiester@yopmail.com,Gavrielle.Fiester@gmail.com,worker
705,Minda,Clarissa,Minda.Clarissa@yopmail.com,Minda.Clarissa@gmail.com,police officer
706,Carilyn,Ricki,Carilyn.Ricki@yopmail.com,Carilyn.Ricki@gmail.com,firefighter
707,Jillayne,Bari,Jillayne.Bari@yopmail.com,Jillayne.Bari@gmail.com,doctor
708,Babita,Chrystel,Babita.Chrystel@yopmail.com,Babita.Chrystel@gmail.com,police officer
709,Selma,Jary,Selma.Jary@yopmail.com,Selma.Jary@gmail.com,police officer
710,Ardeen,Duwalt,Ardeen.Duwalt@yopmail.com,Ardeen.Duwalt@gmail.com,developer
711,Sara-Ann,Dorine,Sara-Ann.Dorine@yopmail.com,Sara-Ann.Dorine@gmail.com,doctor
712,Lorne,Carleen,Lorne.Carleen@yopmail.com,Lorne.Carleen@gmail.com,firefighter
713,Liana,Madelene,Liana.Madelene@yopmail.com,Liana.Madelene@gmail.com,doctor
714,Tonia,Colleen,Tonia.Colleen@yopmail.com,Tonia.Colleen@gmail.com,firefighter
715,Silvana,Fontana,Silvana.Fontana@yopmail.com,Silvana.Fontana@gmail.com,developer
716,Ardeen,Ingra,Ardeen.Ingra@yopmail.com,Ardeen.Ingra@gmail.com,firefighter
717,Annora,Hylan,Annora.Hylan@yopmail.com,Annora.Hylan@gmail.com,developer
718,Henriette,Concha,Henriette.Concha@yopmail.com,Henriette.Concha@gmail.com,worker
719,Leeanne,Celestine,Leeanne.Celestine@yopmail.com,Leeanne.Celestine@gmail.com,developer
720,Wanda,Bobbee,Wanda.Bobbee@yopmail.com,Wanda.Bobbee@gmail.com,worker
721,Steffane,Rese,Steffane.Rese@yopmail.com,Steffane.Rese@gmail.com,worker
722,Fina,Demitria,Fina.Demitria@yopmail.com,Fina.Demitria@gmail.com,developer
723,Amii,Serilda,Amii.Serilda@yopmail.com,Amii.Serilda@gmail.com,worker
724,Hildegaard,Ochs,Hildegaard.Ochs@yopmail.com,Hildegaard.Ochs@gmail.com,police officer
725,Rhoda,Ilka,Rhoda.Ilka@yopmail.com,Rhoda.Ilka@gmail.com,doctor
726,Rivalee,Bevin,Rivalee.Bevin@yopmail.com,Rivalee.Bevin@gmail.com,doctor
727,Chere,Shaver,Chere.Shaver@yopmail.com,Chere.Shaver@gmail.com,police officer
728,Lory,Pascia,Lory.Pascia@yopmail.com,Lory.Pascia@gmail.com,firefighter
729,Jessamyn,Corilla,Jessamyn.Corilla@yopmail.com,Jessamyn.Corilla@gmail.com,doctor
730,Dania,Whiffen,Dania.Whiffen@yopmail.com,Dania.Whiffen@gmail.com,police officer
731,Cristine,Fairweather,Cristine.Fairweather@yopmail.com,Cristine.Fairweather@gmail.com,firefighter
732,Yetty,Ellerey,Yetty.Ellerey@yopmail.com,Yetty.Ellerey@gmail.com,worker
733,Molli,Schroth,Molli.Schroth@yopmail.com,Molli.Schroth@gmail.com,firefighter
734,Danny,Ellerey,Danny.Ellerey@yopmail.com,Danny.Ellerey@gmail.com,worker
735,Bobbi,Syd,Bobbi.Syd@yopmail.com,Bobbi.Syd@gmail.com,doctor
736,Veda,Erminia,Veda.Erminia@yopmail.com,Veda.Erminia@gmail.com,firefighter
737,Ernesta,Wyn,Ernesta.Wyn@yopmail.com,Ernesta.Wyn@gmail.com,developer
738,Sarette,Munn,Sarette.Munn@yopmail.com,Sarette.Munn@gmail.com,police officer
739,Dorene,Schonfeld,Dorene.Schonfeld@yopmail.com,Dorene.Schonfeld@gmail.com,developer
740,Ardenia,Goode,Ardenia.Goode@yopmail.com,Ardenia.Goode@gmail.com,police officer
741,Bill,Felecia,Bill.Felecia@yopmail.com,Bill.Felecia@gmail.com,firefighter
742,Ariela,Tjon,Ariela.Tjon@yopmail.com,Ariela.Tjon@gmail.com,worker
743,Carmela,Hanleigh,Carmela.Hanleigh@yopmail.com,Carmela.Hanleigh@gmail.com,developer
744,Trudie,Ackerley,Trudie.Ackerley@yopmail.com,Trudie.Ackerley@gmail.com,worker
745,Nananne,Rolf,Nananne.Rolf@yopmail.com,Nananne.Rolf@gmail.com,developer
746,Darlleen,Jacqui,Darlleen.Jacqui@yopmail.com,Darlleen.Jacqui@gmail.com,firefighter
747,Andeee,Kesley,Andeee.Kesley@yopmail.com,Andeee.Kesley@gmail.com,doctor
748,Sabina,Esmaria,Sabina.Esmaria@yopmail.com,Sabina.Esmaria@gmail.com,firefighter
749,Rubie,Cherianne,Rubie.Cherianne@yopmail.com,Rubie.Cherianne@gmail.com,firefighter
750,Tiffie,Edmund,Tiffie.Edmund@yopmail.com,Tiffie.Edmund@gmail.com,police officer
751,Lisette,Fairweather,Lisette.Fairweather@yopmail.com,Lisette.Fairweather@gmail.com,police officer
752,Leontine,Toni,Leontine.Toni@yopmail.com,Leontine.Toni@gmail.com,developer
753,Jillayne,Rona,Jillayne.Rona@yopmail.com,Jillayne.Rona@gmail.com,doctor
754,Elora,Alfons,Elora.Alfons@yopmail.com,Elora.Alfons@gmail.com,worker
755,Brianna,Weinreb,Brianna.Weinreb@yopmail.com,Brianna.Weinreb@gmail.com,worker
756,Sybille,Trinetta,Sybille.Trinetta@yopmail.com,Sybille.Trinetta@gmail.com,doctor
757,Cassondra,Shama,Cassondra.Shama@yopmail.com,Cassondra.Shama@gmail.com,developer
758,Jobi,Simmonds,Jobi.Simmonds@yopmail.com,Jobi.Simmonds@gmail.com,developer
759,Clementine,Doig,Clementine.Doig@yopmail.com,Clementine.Doig@gmail.com,developer
760,Averyl,Loeb,Averyl.Loeb@yopmail.com,Averyl.Loeb@gmail.com,doctor
761,Christian,Anestassia,Christian.Anestassia@yopmail.com,Christian.Anestassia@gmail.com,developer
762,Kylynn,Kelula,Kylynn.Kelula@yopmail.com,Kylynn.Kelula@gmail.com,worker
763,Audrie,Loeb,Audrie.Loeb@yopmail.com,Audrie.Loeb@gmail.com,firefighter
764,Claudina,Borrell,Claudina.Borrell@yopmail.com,Claudina.Borrell@gmail.com,developer
765,Cathie,Hepsibah,Cathie.Hepsibah@yopmail.com,Cathie.Hepsibah@gmail.com,firefighter
766,Winny,Ludewig,Winny.Ludewig@yopmail.com,Winny.Ludewig@gmail.com,police officer
767,Shell,Peg,Shell.Peg@yopmail.com,Shell.Peg@gmail.com,developer
768,Claudina,Moseley,Claudina.Moseley@yopmail.com,Claudina.Moseley@gmail.com,developer
769,Ruthe,Voletta,Ruthe.Voletta@yopmail.com,Ruthe.Voletta@gmail.com,developer
770,Starla,Standing,Starla.Standing@yopmail.com,Starla.Standing@gmail.com,doctor
771,Jackie,Denis,Jackie.Denis@yopmail.com,Jackie.Denis@gmail.com,firefighter
772,Ann-Marie,Christal,Ann-Marie.Christal@yopmail.com,Ann-Marie.Christal@gmail.com,worker
773,Philis,Wilkinson,Philis.Wilkinson@yopmail.com,Philis.Wilkinson@gmail.com,developer
774,Starla,Johnsson,Starla.Johnsson@yopmail.com,Starla.Johnsson@gmail.com,doctor
775,Dorothy,Mata,Dorothy.Mata@yopmail.com,Dorothy.Mata@gmail.com,worker
776,Elyssa,Sabella,Elyssa.Sabella@yopmail.com,Elyssa.Sabella@gmail.com,police officer
777,Marguerite,Gregrory,Marguerite.Gregrory@yopmail.com,Marguerite.Gregrory@gmail.com,worker
778,Farrah,Frodi,Farrah.Frodi@yopmail.com,Farrah.Frodi@gmail.com,firefighter
779,Chastity,Jary,Chastity.Jary@yopmail.com,Chastity.Jary@gmail.com,doctor
780,Raquela,Deny,Raquela.Deny@yopmail.com,Raquela.Deny@gmail.com,police officer
781,Berget,Zitvaa,Berget.Zitvaa@yopmail.com,Berget.Zitvaa@gmail.com,doctor
782,Elora,Killigrew,Elora.Killigrew@yopmail.com,Elora.Killigrew@gmail.com,worker
783,Annice,Madaih,Annice.Madaih@yopmail.com,Annice.Madaih@gmail.com,police officer
784,Meriel,Abbot,Meriel.Abbot@yopmail.com,Meriel.Abbot@gmail.com,worker
785,Alyda,Desai,Alyda.Desai@yopmail.com,Alyda.Desai@gmail.com,police officer
786,Wanda,Gordon,Wanda.Gordon@yopmail.com,Wanda.Gordon@gmail.com,developer
787,Kaia,Lamoree,Kaia.Lamoree@yopmail.com,Kaia.Lamoree@gmail.com,doctor
788,Carolina,Merriott,Carolina.Merriott@yopmail.com,Carolina.Merriott@gmail.com,police officer
789,Neila,Brunell,Neila.Brunell@yopmail.com,Neila.Brunell@gmail.com,firefighter
790,Andeee,Oster,Andeee.Oster@yopmail.com,Andeee.Oster@gmail.com,developer
791,Lita,Shama,Lita.Shama@yopmail.com,Lita.Shama@gmail.com,firefighter
792,Heida,McAdams,Heida.McAdams@yopmail.com,Heida.McAdams@gmail.com,developer
793,Kathy,Rodmann,Kathy.Rodmann@yopmail.com,Kathy.Rodmann@gmail.com,worker
794,Willetta,Rosemary,Willetta.Rosemary@yopmail.com,Willetta.Rosemary@gmail.com,developer
795,Correy,Hebner,Correy.Hebner@yopmail.com,Correy.Hebner@gmail.com,police officer
796,Rori,Darbie,Rori.Darbie@yopmail.com,Rori.Darbie@gmail.com,doctor
797,Emma,Beniamino,Emma.Beniamino@yopmail.com,Emma.Beniamino@gmail.com,firefighter
798,Nerta,Verger,Nerta.Verger@yopmail.com,Nerta.Verger@gmail.com,worker
799,Brena,Alejoa,Brena.Alejoa@yopmail.com,Brena.Alejoa@gmail.com,firefighter
800,Nollie,Faso,Nollie.Faso@yopmail.com,Nollie.Faso@gmail.com,police officer
801,Catrina,Georas,Catrina.Georas@yopmail.com,Catrina.Georas@gmail.com,firefighter
802,Carlie,Sprage,Carlie.Sprage@yopmail.com,Carlie.Sprage@gmail.com,police officer
803,Trixi,Cressida,Trixi.Cressida@yopmail.com,Trixi.Cressida@gmail.com,worker
804,Meg,Esmaria,Meg.Esmaria@yopmail.com,Meg.Esmaria@gmail.com,doctor
805,Gerianna,Jillane,Gerianna.Jillane@yopmail.com,Gerianna.Jillane@gmail.com,worker
806,Brana,Trace,Brana.Trace@yopmail.com,Brana.Trace@gmail.com,developer
807,Brynna,Pillsbury,Brynna.Pillsbury@yopmail.com,Brynna.Pillsbury@gmail.com,doctor
808,Sara-Ann,Aurelio,Sara-Ann.Aurelio@yopmail.com,Sara-Ann.Aurelio@gmail.com,police officer
809,Letizia,Schroth,Letizia.Schroth@yopmail.com,Letizia.Schroth@gmail.com,police officer
810,Blondelle,Morehouse,Blondelle.Morehouse@yopmail.com,Blondelle.Morehouse@gmail.com,doctor
811,Gertrud,Lane,Gertrud.Lane@yopmail.com,Gertrud.Lane@gmail.com,police officer
812,Trixi,Fink,Trixi.Fink@yopmail.com,Trixi.Fink@gmail.com,police officer
813,Elvira,Schalles,Elvira.Schalles@yopmail.com,Elvira.Schalles@gmail.com,developer
814,Elise,Persse,Elise.Persse@yopmail.com,Elise.Persse@gmail.com,developer
815,Kayla,Darrell,Kayla.Darrell@yopmail.com,Kayla.Darrell@gmail.com,worker
816,Chastity,Nea,Chastity.Nea@yopmail.com,Chastity.Nea@gmail.com,police officer
817,Korrie,Arathorn,Korrie.Arathorn@yopmail.com,Korrie.Arathorn@gmail.com,firefighter
818,Halette,Raseda,Halette.Raseda@yopmail.com,Halette.Raseda@gmail.com,police officer
819,Lily,Kathie,Lily.Kathie@yopmail.com,Lily.Kathie@gmail.com,firefighter
820,Sharlene,Stuart,Sharlene.Stuart@yopmail.com,Sharlene.Stuart@gmail.com,developer
821,Merry,Harned,Merry.Harned@yopmail.com,Merry.Harned@gmail.com,police officer
822,Tarra,Halla,Tarra.Halla@yopmail.com,Tarra.Halla@gmail.com,police officer
823,Vinita,Bultman,Vinita.Bultman@yopmail.com,Vinita.Bultman@gmail.com,doctor
824,Jsandye,Rosette,Jsandye.Rosette@yopmail.com,Jsandye.Rosette@gmail.com,doctor
825,Amara,Bivins,Amara.Bivins@yopmail.com,Amara.Bivins@gmail.com,worker
826,Misha,Lia,Misha.Lia@yopmail.com,Misha.Lia@gmail.com,firefighter
827,Dania,Natalia,Dania.Natalia@yopmail.com,Dania.Natalia@gmail.com,police officer
828,Larine,Wenda,Larine.Wenda@yopmail.com,Larine.Wenda@gmail.com,doctor
829,Janey,Maribeth,Janey.Maribeth@yopmail.com,Janey.Maribeth@gmail.com,worker
830,Jacenta,Hepsibah,Jacenta.Hepsibah@yopmail.com,Jacenta.Hepsibah@gmail.com,police officer
831,Judy,Jarib,Judy.Jarib@yopmail.com,Judy.Jarib@gmail.com,worker
832,Alejandra,Anastatius,Alejandra.Anastatius@yopmail.com,Alejandra.Anastatius@gmail.com,doctor
833,Lyssa,Meter,Lyssa.Meter@yopmail.com,Lyssa.Meter@gmail.com,worker
834,Gianina,Ogren,Gianina.Ogren@yopmail.com,Gianina.Ogren@gmail.com,doctor
835,Stevana,Pulsifer,Stevana.Pulsifer@yopmail.com,Stevana.Pulsifer@gmail.com,firefighter
836,Nannie,Cleo,Nannie.Cleo@yopmail.com,Nannie.Cleo@gmail.com,police officer
837,Aili,Truc,Aili.Truc@yopmail.com,Aili.Truc@gmail.com,firefighter
838,Collen,Kazimir,Collen.Kazimir@yopmail.com,Collen.Kazimir@gmail.com,developer
839,Chere,Elisha,Chere.Elisha@yopmail.com,Chere.Elisha@gmail.com,developer
840,Fernande,Havens,Fernande.Havens@yopmail.com,Fernande.Havens@gmail.com,worker
841,Nadine,Carleen,Nadine.Carleen@yopmail.com,Nadine.Carleen@gmail.com,police officer
842,Ellette,Melony,Ellette.Melony@yopmail.com,Ellette.Melony@gmail.com,firefighter
843,Lyssa,Saint,Lyssa.Saint@yopmail.com,Lyssa.Saint@gmail.com,doctor
844,Maridel,Ledah,Maridel.Ledah@yopmail.com,Maridel.Ledah@gmail.com,doctor
845,Susan,Forrer,Susan.Forrer@yopmail.com,Susan.Forrer@gmail.com,doctor
846,Mamie,Ball,Mamie.Ball@yopmail.com,Mamie.Ball@gmail.com,worker
847,Tori,Llovera,Tori.Llovera@yopmail.com,Tori.Llovera@gmail.com,developer
848,Celisse,Ricarda,Celisse.Ricarda@yopmail.com,Celisse.Ricarda@gmail.com,police officer
849,Arabel,Stelle,Arabel.Stelle@yopmail.com,Arabel.Stelle@gmail.com,firefighter
850,Fernande,Agle,Fernande.Agle@yopmail.com,Fernande.Agle@gmail.com,developer
851,Ira,Ioab,Ira.Ioab@yopmail.com,Ira.Ioab@gmail.com,firefighter
852,Barbara,Maribeth,Barbara.Maribeth@yopmail.com,Barbara.Maribeth@gmail.com,worker
853,Norine,Adlare,Norine.Adlare@yopmail.com,Norine.Adlare@gmail.com,worker
854,Hildegaard,Brenn,Hildegaard.Brenn@yopmail.com,Hildegaard.Brenn@gmail.com,developer
855,Gaylene,Libna,Gaylene.Libna@yopmail.com,Gaylene.Libna@gmail.com,worker
856,Veda,Sawtelle,Veda.Sawtelle@yopmail.com,Veda.Sawtelle@gmail.com,doctor
857,Roz,Rolf,Roz.Rolf@yopmail.com,Roz.Rolf@gmail.com,developer
858,Celene,Krystle,Celene.Krystle@yopmail.com,Celene.Krystle@gmail.com,police officer
859,Orsola,Ivens,Orsola.Ivens@yopmail.com,Orsola.Ivens@gmail.com,doctor
860,Bill,Schonfeld,Bill.Schonfeld@yopmail.com,Bill.Schonfeld@gmail.com,doctor
861,Katleen,Bronk,Katleen.Bronk@yopmail.com,Katleen.Bronk@gmail.com,developer
862,Amelia,O'Neill,Amelia.O'Neill@yopmail.com,Amelia.O'Neill@gmail.com,firefighter
863,Karly,Swigart,Karly.Swigart@yopmail.com,Karly.Swigart@gmail.com,doctor
864,Ardeen,Lunsford,Ardeen.Lunsford@yopmail.com,Ardeen.Lunsford@gmail.com,doctor
865,Nataline,Whittaker,Nataline.Whittaker@yopmail.com,Nataline.Whittaker@gmail.com,worker
866,Alexine,Phi,Alexine.Phi@yopmail.com,Alexine.Phi@gmail.com,developer
867,Mamie,Weide,Mamie.Weide@yopmail.com,Mamie.Weide@gmail.com,doctor
868,Lila,Rheingold,Lila.Rheingold@yopmail.com,Lila.Rheingold@gmail.com,police officer
869,Yvonne,Toni,Yvonne.Toni@yopmail.com,Yvonne.Toni@gmail.com,worker
870,Audrie,Kimmie,Audrie.Kimmie@yopmail.com,Audrie.Kimmie@gmail.com,developer
871,Annice,Hailee,Annice.Hailee@yopmail.com,Annice.Hailee@gmail.com,doctor
872,Elie,Granoff,Elie.Granoff@yopmail.com,Elie.Granoff@gmail.com,doctor
873,Nita,Anestassia,Nita.Anestassia@yopmail.com,Nita.Anestassia@gmail.com,worker
874,Maurene,Carey,Maurene.Carey@yopmail.com,Maurene.Carey@gmail.com,firefighter
875,Ronna,Buffum,Ronna.Buffum@yopmail.com,Ronna.Buffum@gmail.com,firefighter
876,Alejandra,Niccolo,Alejandra.Niccolo@yopmail.com,Alejandra.Niccolo@gmail.com,developer
877,Kristina,Tyson,Kristina.Tyson@yopmail.com,Kristina.Tyson@gmail.com,developer
878,Anallese,Dulciana,Anallese.Dulciana@yopmail.com,Anallese.Dulciana@gmail.com,doctor
879,Arlena,Maisey,Arlena.Maisey@yopmail.com,Arlena.Maisey@gmail.com,doctor
880,Joceline,Longfellow,Joceline.Longfellow@yopmail.com,Joceline.Longfellow@gmail.com,developer
881,Catharine,Sisile,Catharine.Sisile@yopmail.com,Catharine.Sisile@gmail.com,developer
882,Pamella,Socha,Pamella.Socha@yopmail.com,Pamella.Socha@gmail.com,police officer
883,Gertrud,Atcliffe,Gertrud.Atcliffe@yopmail.com,Gertrud.Atcliffe@gmail.com,firefighter
884,Karlee,Adamsen,Karlee.Adamsen@yopmail.com,Karlee.Adamsen@gmail.com,police officer
885,Amii,Olnee,Amii.Olnee@yopmail.com,Amii.Olnee@gmail.com,worker
886,Marcy,Rese,Marcy.Rese@yopmail.com,Marcy.Rese@gmail.com,developer
887,Nickie,Sheedy,Nickie.Sheedy@yopmail.com,Nickie.Sheedy@gmail.com,firefighter
888,Renae,Catie,Renae.Catie@yopmail.com,Renae.Catie@gmail.com,doctor
889,Shandie,Rodmann,Shandie.Rodmann@yopmail.com,Shandie.Rodmann@gmail.com,doctor
890,Vevay,Neils,Vevay.Neils@yopmail.com,Vevay.Neils@gmail.com,police officer
891,Sheelagh,Whittaker,Sheelagh.Whittaker@yopmail.com,Sheelagh.Whittaker@gmail.com,firefighter
892,Krystle,Rebecka,Krystle.Rebecka@yopmail.com,Krystle.Rebecka@gmail.com,worker
893,Estell,Ortrude,Estell.Ortrude@yopmail.com,Estell.Ortrude@gmail.com,firefighter
894,Karlee,Howlyn,Karlee.Howlyn@yopmail.com,Karlee.Howlyn@gmail.com,firefighter
895,Lily,Granoff,Lily.Granoff@yopmail.com,Lily.Granoff@gmail.com,firefighter
896,Elsie,Christine,Elsie.Christine@yopmail.com,Elsie.Christine@gmail.com,developer
897,Beth,Florina,Beth.Florina@yopmail.com,Beth.Florina@gmail.com,police officer
898,Frank,Means,Frank.Means@yopmail.com,Frank.Means@gmail.com,worker
899,Jsandye,Kosey,Jsandye.Kosey@yopmail.com,Jsandye.Kosey@gmail.com,firefighter
900,Felice,Lindemann,Felice.Lindemann@yopmail.com,Felice.Lindemann@gmail.com,developer
901,Phylis,Gavrila,Phylis.Gavrila@yopmail.com,Phylis.Gavrila@gmail.com,worker
902,Ebonee,Anis,Ebonee.Anis@yopmail.com,Ebonee.Anis@gmail.com,police officer
903,Xylina,Harriman,Xylina.Harriman@yopmail.com,Xylina.Harriman@gmail.com,police officer
904,Flory,Vale,Flory.Vale@yopmail.com,Flory.Vale@gmail.com,firefighter
905,Agnese,Yorick,Agnese.Yorick@yopmail.com,Agnese.Yorick@gmail.com,worker
906,Ulrike,Cressida,Ulrike.Cressida@yopmail.com,Ulrike.Cressida@gmail.com,firefighter
907,Aigneis,Stephie,Aigneis.Stephie@yopmail.com,Aigneis.Stephie@gmail.com,worker
908,Hermione,Ramona,Hermione.Ramona@yopmail.com,Hermione.Ramona@gmail.com,doctor
909,Gratia,Lail,Gratia.Lail@yopmail.com,Gratia.Lail@gmail.com,firefighter
910,Nickie,Belldas,Nickie.Belldas@yopmail.com,Nickie.Belldas@gmail.com,firefighter
911,Gilda,Sperling,Gilda.Sperling@yopmail.com,Gilda.Sperling@gmail.com,firefighter
912,Joeann,Ade,Joeann.Ade@yopmail.com,Joeann.Ade@gmail.com,firefighter
913,Ardenia,Jacobah,Ardenia.Jacobah@yopmail.com,Ardenia.Jacobah@gmail.com,firefighter
914,Maurene,Demitria,Maurene.Demitria@yopmail.com,Maurene.Demitria@gmail.com,doctor
915,Daune,Cath,Daune.Cath@yopmail.com,Daune.Cath@gmail.com,developer
916,Lanna,Wu,Lanna.Wu@yopmail.com,Lanna.Wu@gmail.com,doctor
917,Bee,Greenwald,Bee.Greenwald@yopmail.com,Bee.Greenwald@gmail.com,developer
918,Kelly,Ciro,Kelly.Ciro@yopmail.com,Kelly.Ciro@gmail.com,police officer
919,Misha,Edvard,Misha.Edvard@yopmail.com,Misha.Edvard@gmail.com,police officer
920,Justinn,Beebe,Justinn.Beebe@yopmail.com,Justinn.Beebe@gmail.com,doctor
921,Angelique,Ellerey,Angelique.Ellerey@yopmail.com,Angelique.Ellerey@gmail.com,worker
922,Tobe,Kronfeld,Tobe.Kronfeld@yopmail.com,Tobe.Kronfeld@gmail.com,worker
923,Sean,Terencio,Sean.Terencio@yopmail.com,Sean.Terencio@gmail.com,doctor
924,Tarra,Lareena,Tarra.Lareena@yopmail.com,Tarra.Lareena@gmail.com,worker
925,Marcy,Charity,Marcy.Charity@yopmail.com,Marcy.Charity@gmail.com,worker
926,Harrietta,Holbrook,Harrietta.Holbrook@yopmail.com,Harrietta.Holbrook@gmail.com,doctor
927,Tiffie,Keily,Tiffie.Keily@yopmail.com,Tiffie.Keily@gmail.com,police officer
928,Dulcinea,Friede,Dulcinea.Friede@yopmail.com,Dulcinea.Friede@gmail.com,police officer
929,Gloria,Andrel,Gloria.Andrel@yopmail.com,Gloria.Andrel@gmail.com,worker
930,Bibby,Paton,Bibby.Paton@yopmail.com,Bibby.Paton@gmail.com,doctor
931,Xylina,Christal,Xylina.Christal@yopmail.com,Xylina.Christal@gmail.com,firefighter
932,Marcelline,Ackerley,Marcelline.Ackerley@yopmail.com,Marcelline.Ackerley@gmail.com,firefighter
933,Althea,Jacinda,Althea.Jacinda@yopmail.com,Althea.Jacinda@gmail.com,developer
934,Katuscha,Rosette,Katuscha.Rosette@yopmail.com,Katuscha.Rosette@gmail.com,police officer
935,Concettina,Mandler,Concettina.Mandler@yopmail.com,Concettina.Mandler@gmail.com,developer
936,Maryellen,Center,Maryellen.Center@yopmail.com,Maryellen.Center@gmail.com,firefighter
937,Modestia,Elisha,Modestia.Elisha@yopmail.com,Modestia.Elisha@gmail.com,firefighter
938,Amara,Tatianas,Amara.Tatianas@yopmail.com,Amara.Tatianas@gmail.com,police officer
939,Ana,Burnside,Ana.Burnside@yopmail.com,Ana.Burnside@gmail.com,firefighter
940,Hettie,Cloris,Hettie.Cloris@yopmail.com,Hettie.Cloris@gmail.com,doctor
941,Rubie,Jalbert,Rubie.Jalbert@yopmail.com,Rubie.Jalbert@gmail.com,developer
942,Veda,Newell,Veda.Newell@yopmail.com,Veda.Newell@gmail.com,developer
943,Eugine,Anastatius,Eugine.Anastatius@yopmail.com,Eugine.Anastatius@gmail.com,doctor
944,Meriel,Grobe,Meriel.Grobe@yopmail.com,Meriel.Grobe@gmail.com,doctor
945,Ashlee,Corrine,Ashlee.Corrine@yopmail.com,Ashlee.Corrine@gmail.com,developer
946,Jessy,Zenas,Jessy.Zenas@yopmail.com,Jessy.Zenas@gmail.com,doctor
947,Tersina,Francene,Tersina.Francene@yopmail.com,Tersina.Francene@gmail.com,police officer
948,Minda,Trinetta,Minda.Trinetta@yopmail.com,Minda.Trinetta@gmail.com,developer
949,Karena,Baudin,Karena.Baudin@yopmail.com,Karena.Baudin@gmail.com,worker
950,Mara,Allina,Mara.Allina@yopmail.com,Mara.Allina@gmail.com,police officer
951,Konstance,Schalles,Konstance.Schalles@yopmail.com,Konstance.Schalles@gmail.com,worker
952,Fanny,Olnee,Fanny.Olnee@yopmail.com,Fanny.Olnee@gmail.com,worker
953,Atlanta,Bergman,Atlanta.Bergman@yopmail.com,Atlanta.Bergman@gmail.com,worker
954,Jenda,Carvey,Jenda.Carvey@yopmail.com,Jenda.Carvey@gmail.com,worker
955,Elbertina,Dudley,Elbertina.Dudley@yopmail.com,Elbertina.Dudley@gmail.com,doctor
956,Cherilyn,Bach,Cherilyn.Bach@yopmail.com,Cherilyn.Bach@gmail.com,police officer
957,Donetta,Terencio,Donetta.Terencio@yopmail.com,Donetta.Terencio@gmail.com,worker
958,Alia,Schroth,Alia.Schroth@yopmail.com,Alia.Schroth@gmail.com,firefighter
959,Georgetta,Posner,Georgetta.Posner@yopmail.com,Georgetta.Posner@gmail.com,developer
960,Nessie,Rebecka,Nessie.Rebecka@yopmail.com,Nessie.Rebecka@gmail.com,firefighter
961,Julieta,Kaete,Julieta.Kaete@yopmail.com,Julieta.Kaete@gmail.com,worker
962,Livvyy,Dosia,Livvyy.Dosia@yopmail.com,Livvyy.Dosia@gmail.com,doctor
963,Winny,Ingra,Winny.Ingra@yopmail.com,Winny.Ingra@gmail.com,developer
964,Liana,Artie,Liana.Artie@yopmail.com,Liana.Artie@gmail.com,worker
965,Cassandra,Etom,Cassandra.Etom@yopmail.com,Cassandra.Etom@gmail.com,developer
966,Michaelina,Cadmar,Michaelina.Cadmar@yopmail.com,Michaelina.Cadmar@gmail.com,firefighter
967,Lacie,Roche,Lacie.Roche@yopmail.com,Lacie.Roche@gmail.com,developer
968,Mathilda,Truc,Mathilda.Truc@yopmail.com,Mathilda.Truc@gmail.com,developer
969,Bernie,Prober,Bernie.Prober@yopmail.com,Bernie.Prober@gmail.com,firefighter
970,Harmonia,Dash,Harmonia.Dash@yopmail.com,Harmonia.Dash@gmail.com,firefighter
971,Maurene,Hachmin,Maurene.Hachmin@yopmail.com,Maurene.Hachmin@gmail.com,worker
972,Candi,Louanna,Candi.Louanna@yopmail.com,Candi.Louanna@gmail.com,police officer
973,Averyl,Loeb,Averyl.Loeb@yopmail.com,Averyl.Loeb@gmail.com,developer
974,Gabriellia,Boehike,Gabriellia.Boehike@yopmail.com,Gabriellia.Boehike@gmail.com,firefighter
975,Cyndie,Raffo,Cyndie.Raffo@yopmail.com,Cyndie.Raffo@gmail.com,worker
976,Jennica,Corrine,Jennica.Corrine@yopmail.com,Jennica.Corrine@gmail.com,firefighter
977,Brianna,Pyle,Brianna.Pyle@yopmail.com,Brianna.Pyle@gmail.com,police officer
978,Nariko,Guildroy,Nariko.Guildroy@yopmail.com,Nariko.Guildroy@gmail.com,developer
979,Aigneis,Lareena,Aigneis.Lareena@yopmail.com,Aigneis.Lareena@gmail.com,worker
980,Gretal,Woodberry,Gretal.Woodberry@yopmail.com,Gretal.Woodberry@gmail.com,developer
981,Atlanta,Wenoa,Atlanta.Wenoa@yopmail.com,Atlanta.Wenoa@gmail.com,firefighter
982,Clary,Zrike,Clary.Zrike@yopmail.com,Clary.Zrike@gmail.com,developer
983,Oralee,Colbert,Oralee.Colbert@yopmail.com,Oralee.Colbert@gmail.com,developer
984,Goldie,Kendrick,Goldie.Kendrick@yopmail.com,Goldie.Kendrick@gmail.com,doctor
985,Genovera,Chauncey,Genovera.Chauncey@yopmail.com,Genovera.Chauncey@gmail.com,firefighter
986,Gusty,Thunell,Gusty.Thunell@yopmail.com,Gusty.Thunell@gmail.com,police officer
987,Emelina,Niles,Emelina.Niles@yopmail.com,Emelina.Niles@gmail.com,developer
988,Marcy,Riordan,Marcy.Riordan@yopmail.com,Marcy.Riordan@gmail.com,firefighter
989,Joane,Bahr,Joane.Bahr@yopmail.com,Joane.Bahr@gmail.com,doctor
990,Alex,Thunell,Alex.Thunell@yopmail.com,Alex.Thunell@gmail.com,firefighter
991,Gretal,Schonfeld,Gretal.Schonfeld@yopmail.com,Gretal.Schonfeld@gmail.com,firefighter
992,Max,Ochs,Max.Ochs@yopmail.com,Max.Ochs@gmail.com,worker
993,Gretal,Gregrory,Gretal.Gregrory@yopmail.com,Gretal.Gregrory@gmail.com,worker
994,Lenna,Valoniah,Lenna.Valoniah@yopmail.com,Lenna.Valoniah@gmail.com,doctor
995,Rayna,Francyne,Rayna.Francyne@yopmail.com,Rayna.Francyne@gmail.com,doctor
996,Caryl,Beniamino,Caryl.Beniamino@yopmail.com,Caryl.Beniamino@gmail.com,doctor
997,Tarra,Solitta,Tarra.Solitta@yopmail.com,Tarra.Solitta@gmail.com,firefighter
998,Fawne,Wittie,Fawne.Wittie@yopmail.com,Fawne.Wittie@gmail.com,doctor
999,Paola,Magnolia,Paola.Magnolia@yopmail.com,Paola.Magnolia@gmail.com,worker
1000,Adelle,Wallis,Adelle.Wallis@yopmail.com,Adelle.Wallis@gmail.com,worker
1001,Danny,Nikaniki,Danny.Nikaniki@yopmail.com,Danny.Nikaniki@gmail.com,firefighter
1002,Tersina,Chem,Tersina.Chem@yopmail.com,Tersina.Chem@gmail.com,worker
1003,Janenna,Cookie,Janenna.Cookie@yopmail.com,Janenna.Cookie@gmail.com,worker
1004,Violet,Durante,Violet.Durante@yopmail.com,Violet.Durante@gmail.com,police officer
1005,Arabel,Pond,Arabel.Pond@yopmail.com,Arabel.Pond@gmail.com,developer
1006,Ira,Ackerley,Ira.Ackerley@yopmail.com,Ira.Ackerley@gmail.com,doctor
1007,Xylina,Helve,Xylina.Helve@yopmail.com,Xylina.Helve@gmail.com,police officer
1008,Merrie,Goerke,Merrie.Goerke@yopmail.com,Merrie.Goerke@gmail.com,worker
1009,Delilah,Whiffen,Delilah.Whiffen@yopmail.com,Delilah.Whiffen@gmail.com,worker
1010,Brandise,Caitlin,Brandise.Caitlin@yopmail.com,Brandise.Caitlin@gmail.com,worker
1011,Rochette,Trace,Rochette.Trace@yopmail.com,Rochette.Trace@gmail.com,doctor
1012,Lorenza,Carvey,Lorenza.Carvey@yopmail.com,Lorenza.Carvey@gmail.com,worker
1013,Orelia,LaRue,Orelia.LaRue@yopmail.com,Orelia.LaRue@gmail.com,firefighter
1014,Quintina,Zuzana,Quintina.Zuzana@yopmail.com,Quintina.Zuzana@gmail.com,developer
1015,Nadine,Moina,Nadine.Moina@yopmail.com,Nadine.Moina@gmail.com,worker
1016,Kellen,Donoghue,Kellen.Donoghue@yopmail.com,Kellen.Donoghue@gmail.com,firefighter
1017,Mary,Wallis,Mary.Wallis@yopmail.com,Mary.Wallis@gmail.com,doctor
1018,Yetty,Sacken,Yetty.Sacken@yopmail.com,Yetty.Sacken@gmail.com,firefighter
1019,Lyssa,Karna,Lyssa.Karna@yopmail.com,Lyssa.Karna@gmail.com,doctor
1020,Tressa,Francyne,Tressa.Francyne@yopmail.com,Tressa.Francyne@gmail.com,police officer
1021,Lucille,Medrek,Lucille.Medrek@yopmail.com,Lucille.Medrek@gmail.com,police officer
1022,Lorne,Lowry,Lorne.Lowry@yopmail.com,Lorne.Lowry@gmail.com,developer
1023,Winifred,Vanni,Winifred.Vanni@yopmail.com,Winifred.Vanni@gmail.com,firefighter
1024,Bernie,Grimbly,Bernie.Grimbly@yopmail.com,Bernie.Grimbly@gmail.com,developer
1025,Nerta,Lasley,Nerta.Lasley@yopmail.com,Nerta.Lasley@gmail.com,police officer
1026,Concettina,Jagir,Concettina.Jagir@yopmail.com,Concettina.Jagir@gmail.com,firefighter
1027,Ekaterina,Christal,Ekaterina.Christal@yopmail.com,Ekaterina.Christal@gmail.com,police officer
1028,Ninnetta,Rheingold,Ninnetta.Rheingold@yopmail.com,Ninnetta.Rheingold@gmail.com,worker
1029,Tracey,Poppy,Tracey.Poppy@yopmail.com,Tracey.Poppy@gmail.com,worker
1030,Doralynne,Ader,Doralynne.Ader@yopmail.com,Doralynne.Ader@gmail.com,police officer
1031,Tami,Afton,Tami.Afton@yopmail.com,Tami.Afton@gmail.com,developer
1032,Annaliese,Jacobah,Annaliese.Jacobah@yopmail.com,Annaliese.Jacobah@gmail.com,police officer
1033,Marita,Lory,Marita.Lory@yopmail.com,Marita.Lory@gmail.com,worker
1034,Bernardine,Cosenza,Bernardine.Cosenza@yopmail.com,Bernardine.Cosenza@gmail.com,firefighter
1035,Daryl,Cleo,Daryl.Cleo@yopmail.com,Daryl.Cleo@gmail.com,police officer
1036,Tarra,Monk,Tarra.Monk@yopmail.com,Tarra.Monk@gmail.com,worker
1037,Moyna,Kunin,Moyna.Kunin@yopmail.com,Moyna.Kunin@gmail.com,worker
1038,Roslyn,Salchunas,Roslyn.Salchunas@yopmail.com,Roslyn.Salchunas@gmail.com,firefighter
1039,Minda,Evangelia,Minda.Evangelia@yopmail.com,Minda.Evangelia@gmail.com,police officer
1040,Viki,Wiener,Viki.Wiener@yopmail.com,Viki.Wiener@gmail.com,doctor
1041,Gratia,Gemini,Gratia.Gemini@yopmail.com,Gratia.Gemini@gmail.com,firefighter
1042,Lelah,Fadiman,Lelah.Fadiman@yopmail.com,Lelah.Fadiman@gmail.com,developer
1043,Diena,Holbrook,Diena.Holbrook@yopmail.com,Diena.Holbrook@gmail.com,worker
1044,Dorice,Joni,Dorice.Joni@yopmail.com,Dorice.Joni@gmail.com,developer
1045,Cecile,McAdams,Cecile.McAdams@yopmail.com,Cecile.McAdams@gmail.com,police officer
1046,Sharlene,Clie,Sharlene.Clie@yopmail.com,Sharlene.Clie@gmail.com,developer
1047,Tierney,Krystle,Tierney.Krystle@yopmail.com,Tierney.Krystle@gmail.com,doctor
1048,Sheelagh,Rocray,Sheelagh.Rocray@yopmail.com,Sheelagh.Rocray@gmail.com,developer
1049,Annabela,Giule,Annabela.Giule@yopmail.com,Annabela.Giule@gmail.com,police officer
1050,Sophia,Oriana,Sophia.Oriana@yopmail.com,Sophia.Oriana@gmail.com,worker
1051,Zsa Zsa,Lamoree,Zsa Zsa.Lamoree@yopmail.com,Zsa Zsa.Lamoree@gmail.com,doctor
1052,Meg,Sheedy,Meg.Sheedy@yopmail.com,Meg.Sheedy@gmail.com,doctor
1053,Orelia,Juan,Orelia.Juan@yopmail.com,Orelia.Juan@gmail.com,worker
1054,Noelle,Alfons,Noelle.Alfons@yopmail.com,Noelle.Alfons@gmail.com,police officer
1055,Kayla,Himelman,Kayla.Himelman@yopmail.com,Kayla.Himelman@gmail.com,worker
1056,Dede,Garrison,Dede.Garrison@yopmail.com,Dede.Garrison@gmail.com,developer
1057,Flory,Eugenia,Flory.Eugenia@yopmail.com,Flory.Eugenia@gmail.com,police officer
1058,Ursulina,Adamsen,Ursulina.Adamsen@yopmail.com,Ursulina.Adamsen@gmail.com,firefighter
1059,Selia,Dudley,Selia.Dudley@yopmail.com,Selia.Dudley@gmail.com,doctor
1060,Jacquetta,Arne,Jacquetta.Arne@yopmail.com,Jacquetta.Arne@gmail.com,police officer
1061,Heddie,Hirsch,Heddie.Hirsch@yopmail.com,Heddie.Hirsch@gmail.com,worker
1062,Loree,Dearborn,Loree.Dearborn@yopmail.com,Loree.Dearborn@gmail.com,doctor
1063,Rozele,Elvyn,Rozele.Elvyn@yopmail.com,Rozele.Elvyn@gmail.com,worker
1064,Dari,Henebry,Dari.Henebry@yopmail.com,Dari.Henebry@gmail.com,firefighter
1065,Margette,Zetta,Margette.Zetta@yopmail.com,Margette.Zetta@gmail.com,police officer
1066,Talya,Susannah,Talya.Susannah@yopmail.com,Talya.Susannah@gmail.com,developer
1067,Fernande,Kussell,Fernande.Kussell@yopmail.com,Fernande.Kussell@gmail.com,developer
1068,Verla,Orelee,Verla.Orelee@yopmail.com,Verla.Orelee@gmail.com,doctor
1069,Lindie,Lareena,Lindie.Lareena@yopmail.com,Lindie.Lareena@gmail.com,police officer
1070,Jacquetta,Sundin,Jacquetta.Sundin@yopmail.com,Jacquetta.Sundin@gmail.com,police officer
1071,Nikki,Erich,Nikki.Erich@yopmail.com,Nikki.Erich@gmail.com,doctor
1072,Agnese,Hedve,Agnese.Hedve@yopmail.com,Agnese.Hedve@gmail.com,police officer
1073,Sara-Ann,Center,Sara-Ann.Center@yopmail.com,Sara-Ann.Center@gmail.com,firefighter
1074,Alex,Lory,Alex.Lory@yopmail.com,Alex.Lory@gmail.com,developer
1075,Melina,Ambrosia,Melina.Ambrosia@yopmail.com,Melina.Ambrosia@gmail.com,worker
1076,Jaime,Belldas,Jaime.Belldas@yopmail.com,Jaime.Belldas@gmail.com,firefighter
1077,Petronia,Stuart,Petronia.Stuart@yopmail.com,Petronia.Stuart@gmail.com,firefighter
1078,Lorne,Paton,Lorne.Paton@yopmail.com,Lorne.Paton@gmail.com,police officer
1079,Alleen,Thomasina,Alleen.Thomasina@yopmail.com,Alleen.Thomasina@gmail.com,worker
1080,Aeriela,Connelly,Aeriela.Connelly@yopmail.com,Aeriela.Connelly@gmail.com,firefighter
1081,Rayna,Roche,Rayna.Roche@yopmail.com,Rayna.Roche@gmail.com,firefighter
1082,Annice,Bethany,Annice.Bethany@yopmail.com,Annice.Bethany@gmail.com,police officer
1083,Briney,Erich,Briney.Erich@yopmail.com,Briney.Erich@gmail.com,firefighter
1084,Lonnie,Danby,Lonnie.Danby@yopmail.com,Lonnie.Danby@gmail.com,firefighter
1085,Lorenza,Bettine,Lorenza.Bettine@yopmail.com,Lorenza.Bettine@gmail.com,worker
1086,Florie,Burkle,Florie.Burkle@yopmail.com,Florie.Burkle@gmail.com,police officer
1087,Misha,Uird,Misha.Uird@yopmail.com,Misha.Uird@gmail.com,developer
1088,Charmaine,Chauncey,Charmaine.Chauncey@yopmail.com,Charmaine.Chauncey@gmail.com,developer
1089,Carlie,Pauly,Carlie.Pauly@yopmail.com,Carlie.Pauly@gmail.com,developer
1090,Wendi,Cecile,Wendi.Cecile@yopmail.com,Wendi.Cecile@gmail.com,doctor
1091,Arabel,Janene,Arabel.Janene@yopmail.com,Arabel.Janene@gmail.com,police officer
1092,Marjie,Eliathas,Marjie.Eliathas@yopmail.com,Marjie.Eliathas@gmail.com,firefighter
1093,Mara,Wildermuth,Mara.Wildermuth@yopmail.com,Mara.Wildermuth@gmail.com,firefighter
1094,Blinni,Haerr,Blinni.Haerr@yopmail.com,Blinni.Haerr@gmail.com,worker
1095,Deane,Hartnett,Deane.Hartnett@yopmail.com,Deane.Hartnett@gmail.com,worker
1096,Teriann,Holbrook,Teriann.Holbrook@yopmail.com,Teriann.Holbrook@gmail.com,doctor
1097,Maud,Gert,Maud.Gert@yopmail.com,Maud.Gert@gmail.com,worker
1098,Cherilyn,Frendel,Cherilyn.Frendel@yopmail.com,Cherilyn.Frendel@gmail.com,worker
1099,Barbi,Frendel,Barbi.Frendel@yopmail.com,Barbi.Frendel@gmail.com,police officer